step,q1,q2,cv,q3,ch,mae,mu_x,mu_y,sigma_x,sigma_y,xopt_runtime,xopt_error,run,best_mae
0,10.0,-10.0,0.0,10.0,0.0,0.00041285480256192386,-0.0001844415528466925,-0.0011707161320373416,0.00011004647240042686,0.00018621508206706494,0.45587430000159657,0.0,0.0,0.00041285480256192386
1,-30.0,30.0,0.006,-30.0,-0.006,0.0011642464669421315,-0.001479655154980719,0.0016055055893957615,0.0014028779696673155,0.00016894694999791682,0.020246899999619927,0.0,0.0,0.00041285480256192386
2,24.110461353420416,-21.12333771243121,-0.00541585532342733,8.796188508343645,0.0018563410753697147,0.0023412839509546757,0.0005270464462228119,-0.007987849414348602,0.0007390129612758756,0.00011122709111077711,0.025928299997758586,0.0,0.0,0.00041285480256192386
3,3.2995054164141298,4.997318522031035,0.00175748120891422,-4.42915879770617,-0.0009523426471050366,0.0005457352963276207,-0.00030115104163996875,0.001643724157474935,3.997617386630736e-05,0.0001980897504836321,0.01449519999732729,0.0,0.0,0.00041285480256192386
4,3.9815346238729505,-29.92423959558793,0.002238923621768552,22.367127371153757,0.000696537587802666,0.00031370544456876814,3.078296867897734e-05,0.000699930009432137,1.971113761101151e-06,0.0005221376777626574,0.02255200000217883,0.0,0.0,0.00031370544456876814
5,24.05572639107845,-1.677935493103857,0.0020320023849352527,18.927662858584075,0.004633814543672685,0.0009309900924563408,0.0019196271896362305,0.00033679831540212035,0.00016958589549176395,0.001297948881983757,0.01963640000030864,0.0,0.0,0.00031370544456876814
6,-17.431522274317956,-0.3158382092148521,0.0006182255433295799,26.849450154121328,0.0007041595169087797,0.0008997466065920889,9.649178537074476e-05,0.002433167537674308,0.0004957398632541299,0.0005735874292440712,0.014746499997272622,0.0,0.0,0.00031370544456876814
7,28.463068170544215,-12.665679034500696,0.0016188795494547225,5.240114404386321,-0.0034380171189166663,0.0008230931125581264,-0.0017575533129274845,0.00022237267694436014,0.0009942963952198625,0.00031815021065995097,0.02213340000162134,0.0,0.0,0.00031370544456876814
8,4.3887908962276825,-23.82650994753974,0.0008050258342099957,-19.40266916265416,-0.006,0.0012388689210638404,-0.003202248364686966,0.0004343763866927475,0.0011266818037256598,0.00019216891087125987,0.02894219999870984,0.0,0.0,0.00031370544456876814
9,16.048830391609915,-25.013791354413197,0.001407675755613619,3.304644047066606,0.0007555993002010819,0.00026458478532731533,-4.7886605898384005e-05,0.00026559128309600055,0.000443740893388167,0.00030112030799500644,0.01831790000142064,0.0,0.0,0.00026458478532731533
10,27.56460276786417,-13.31159557702366,0.0012830821584951819,24.447215154204624,0.0003470708518233626,0.00045423058327287436,-7.081071817083284e-05,-0.00104548002127558,3.603602408475126e-06,0.0006970280664972961,0.014852799999061972,0.0,0.0,0.00026458478532731533
11,6.900927750009836,-22.345131842163692,0.0010289358458185302,4.348769854548241,0.0015098047713026654,0.000225718118599616,0.00033959950087592006,-0.0001086477204808034,0.00022570650617126375,0.0002289187250426039,0.016614000000117812,0.0,0.0,0.000225718118599616
12,17.198136439146708,-26.375664409325093,0.0005589314445491874,-23.49778869335001,0.0013707789747092278,0.000542402092833072,-6.677465535176452e-06,0.0006535189459100366,0.0012164920335635543,0.0002929198963101953,0.017033900003298186,0.0,0.0,0.000225718118599616
13,22.907450085644133,-27.293551620808607,0.0006436054687341654,29.298839472859427,0.0009638011627337191,0.0006901648594066501,0.0002116649120580405,-0.0019349302165210247,0.0001561159297125414,0.0004579482483677566,0.015387399995233864,0.0,0.0,0.000225718118599616
14,-1.9767808909356481,-25.37250322526384,0.0025861697247183527,-3.6208251497739354,0.0005201596490139041,0.0008182575693354011,-0.00019933751900680363,0.0013967773411422968,0.0014356678584590554,0.00024124748597387224,0.0150876000043354,0.0,0.0,0.000225718118599616
15,12.311931584533484,5.100120083983383,0.0001558719701532283,-8.59606239466292,0.001585629780452117,0.00041233107913285494,0.0008907399023883045,-1.5406876627821475e-05,0.00045979570131748915,0.0002833819598890841,0.028596600001037586,0.0,0.0,0.000225718118599616
16,7.846056048762125,10.535942469701425,0.0013436151701477674,13.366309851465012,0.0002292505427169915,0.0006515930290333927,7.078428461682051e-05,0.0014138324186205864,0.0002104210143443197,0.0009113343548960984,0.025429900000744965,0.0,0.0,0.000225718118599616
17,-27.75188726598514,-26.36919372524339,0.0013041807102230748,15.46881205727461,5.3253220956725925e-05,0.0005766119575127959,-0.00028856509015895426,-0.0003035674162674695,0.0013529297430068254,0.0003613856970332563,0.026999600006092805,0.0,0.0,0.000225718118599616
18,-15.398929384324049,-17.51108619999291,0.0001353802283496792,-5.534074140061985,0.0005902119305145868,0.0007945647812448442,-1.4569859558832832e-05,-0.0003666368720587343,0.0026158944237977266,0.0001811581023503095,0.01524230000359239,0.0,0.0,0.000225718118599616
19,29.368697062203424,-14.817084149660662,0.0004986816023375541,-12.676915677420533,0.0007836581120561478,0.0006459298892877996,0.00010498706251382828,0.00016015389701351523,0.0021920008584856987,0.00012657763727474958,0.027447799999208655,0.0,0.0,0.000225718118599616
20,13.445872489423433,-25.326569471648973,0.000887490602026091,-3.9080646297396546,0.002100138573235624,0.00027466577012091875,0.0005032680346630514,-6.165259947010782e-07,0.00030179356690496206,0.0002929849433712661,0.01574889999756124,0.0,0.0,0.000225718118599616
21,-0.8531482893220443,-26.40252998098894,0.0016289085640954018,29.969912761492807,-0.0012721192817705652,0.000439963216194883,-0.0007925915415398777,-0.00015344531857408583,0.00034911345574073493,0.0004647026362363249,0.01875609999842709,0.0,0.0,0.000225718118599616
22,15.72590115775064,-27.897326455686027,0.0006906194468566483,-7.02825837306588,0.0031111338844275896,0.00046859451686032116,0.0008782038930803537,-3.704964910866693e-05,0.0006083635962568223,0.00035076087806373835,0.015671699999074917,0.0,0.0,0.000225718118599616
23,10.323467795385259,-6.999305426863039,0.0010009693931182966,1.4166775028797962,0.0008007016659079396,0.00022343589807860553,0.0002439091622363776,0.00030797088402323425,0.0001686822361079976,0.000173181266291067,0.016446000001451466,0.0,0.0,0.00022343589807860553
24,13.630980908787873,-21.335436582192305,0.0016228749777435054,17.168261705652874,0.0005466619042992191,0.00013544547255150974,-2.7908517949981615e-05,0.00022622791584581137,0.0001326440687989816,0.00015500139852520078,0.01843209999788087,0.0,0.0,0.00013544547255150974
25,5.526376275018698,-25.647589093545616,0.001212505906516287,4.837014811075641,0.001118063130281751,0.0002093383518513292,0.00011972146603511646,-3.773378557525575e-05,0.0003741534019354731,0.00030574470292776823,0.01578719999815803,0.0,0.0,0.00013544547255150974
26,3.2142508169074975,-24.54391229749762,0.0015738848130423084,22.87332498055084,0.0019034521285749115,0.0002536805986892432,0.0005956165259703994,2.4230368580901995e-05,4.044853994855657e-05,0.00035442691296339035,0.016848200000822544,0.0,0.0,0.00013544547255150974
27,4.022309600969687,-18.601635307095147,0.0014645758198079282,14.029666151168286,0.0005685540357010363,0.00016532483277842402,-7.096791705407668e-06,0.0003712595207616687,0.00012887647608295083,0.0001540665398351848,0.018859000003430992,0.0,0.0,0.00013544547255150974
28,26.57355087965191,-11.131601084032624,0.002386314581010737,18.132807454950836,0.0001372836264131501,0.00048435473581776023,-0.00015032132796477526,0.0008247253717854619,0.00027686127577908337,0.0006855109240859747,0.016697899998689536,0.0,0.0,0.00013544547255150974
29,17.047659434994564,-19.384865150765872,0.0018961850601843966,25.54271660222765,0.0005316889359291677,0.00011635444388957694,2.025752337431186e-06,0.000403642188757658,3.145851951558143e-05,2.8291306080063805e-05,0.016126500006066635,0.0,0.0,0.00011635444388957694
30,9.579610489454499,-25.219115449650896,0.001974048018521219,29.64182939956253,0.0008934986349166722,0.00027336057974025607,0.0001799423771444708,0.0004348824732005596,0.00010486828978173435,0.0003737491206265986,0.017849800002295524,0.0,0.0,0.00011635444388957694
31,10.75084759983049,-6.851262697327819,0.0008362729834117414,-4.222372675308492,0.000260093172045173,0.0001561060780659318,2.8977734473301098e-05,0.00027497514383867383,0.00021819687390234321,0.00010227455641143024,0.01633169999695383,0.0,0.0,0.00011635444388957694
32,14.6306175129859,-2.447212690982321,0.0016295064393153046,22.63464791334805,-0.0005820192171538159,0.0005076826200820506,-0.00045517925173044205,0.000566982664167881,9.043684985954314e-05,0.0009181317873299122,0.016996599995763972,0.0,0.0,0.00011635444388957694
33,8.542900238669512,-17.170213727967752,0.0008911686606178147,-18.419168557574313,0.0015451339201238664,0.0003327128943055868,0.0003894264518748969,0.0005591341760009527,0.00020968781609553844,0.000172603118699044,0.01713309999468038,0.0,0.0,0.00011635444388957694
34,7.934273156193888,-16.15530393664474,0.001032137485739887,-0.6709118232198827,0.0006325104675022002,0.00010996304627042264,2.6411937142256647e-05,0.00021058457787148654,0.0001104070179280825,9.244865213986486e-05,0.017038400001183618,0.0,0.0,0.00010996304627042264
35,9.222471378801114,-25.27555303869952,0.00151224140961099,14.261511906643886,0.0006389173046883989,0.00011049085878767073,-3.0088684070506133e-05,7.059182098601013e-05,1.0699868653318845e-05,0.0003305830468889326,0.019588000002841,0.0,0.0,0.00010996304627042264
36,8.271178441009196,-25.414600604948234,0.001194869233811484,4.002860211845971,0.00034810049361231693,0.0001794772397261113,-0.00022998540953267366,-1.3870208022126462e-05,0.00017216640117112547,0.0003018869028892368,0.017175599998154212,0.0,0.0,0.00010996304627042264
37,8.287251241496634,-14.310133975081332,0.0007527178880973183,-6.5570778896470765,0.0002230163341287067,0.00011623126920312643,-0.00012604832591023296,0.00016189283633138984,9.261564264306799e-05,8.436827920377254e-05,0.017524099996080622,0.0,0.0,0.00010996304627042264
38,1.129732184552771,-10.189955119542079,0.0009143344402095453,0.21607868606012134,-0.00027743050658034343,0.00029217961127869785,-0.00028393155662342906,0.00040438934229314327,0.0004416745505295694,3.872302113450132e-05,0.01696250000532018,0.0,0.0,0.00010996304627042264
39,9.208899240430078,-23.228817015721138,0.0008368537094634536,-1.451170521709723,0.0003808127309371377,0.00017404627578798681,-0.00021347064466681331,-0.0001263879967154935,0.00011537796672200784,0.00024094853142742068,0.01626840000244556,0.0,0.0,0.00010996304627042264
40,14.634349791893527,-12.135323628970808,0.0007004517373962,-5.952615811272295,0.00020654903383478625,0.00016329807112924755,-9.230111754732206e-05,6.59105135127902e-05,0.0004909952986054122,3.985365310654743e-06,0.016817099996842444,0.0,0.0,0.00010996304627042264
41,5.891736929509048,-14.777960323950687,0.0012224486166785187,8.633806403807666,0.0005502459722668193,0.00011415562767069787,1.4560982890543528e-05,0.00029509415617212653,0.0001073339517461136,3.963342896895483e-05,0.016172499999811407,0.0,0.0,0.00010996304627042264
42,14.126715922247918,-12.194554812214678,0.0019508109082754664,27.795245354748538,0.0008555285400944101,0.00034312251955270767,0.00015626246749889106,0.0007673896616324782,2.8061404009349644e-05,0.0004207765159662813,0.03030840000428725,0.0,0.0,0.00010996304627042264
43,12.992758213195058,-18.375918616557755,4.593413115400351e-05,-17.974009189887173,0.0006160497640673769,0.00019253008940722793,-6.482464959844947e-05,8.569455530960113e-05,0.000419165997300297,0.00020043516997247934,0.016407900002377573,0.0,0.0,0.00010996304627042264
44,13.221041759891339,-16.93120515507803,0.0015887101052557352,18.41358798309201,0.0002241843792914224,0.00014700283645652235,-0.0001430660195183009,0.0002758509072009474,0.00012084135960321873,4.8253081331495196e-05,0.01679899999726331,0.0,0.0,0.00010996304627042264
45,9.674883347015859,-5.863728430809771,-2.577688771570769e-05,-21.227531432514134,-0.0001771094075996058,0.00015451695071533322,-5.502138810697943e-05,0.00024295975163113326,0.00019670436449814588,0.00012338229862507433,0.01647940000111703,0.0,0.0,0.00010996304627042264
46,20.724427611011663,-21.517049602497067,0.0020246308619732882,25.863496241305185,-0.0003211044257787392,0.0002301256899954751,-0.0003837101976387203,0.00047665173769928515,2.9845198241673643e-06,5.715632505598478e-05,0.01674279999861028,0.0,0.0,0.00010996304627042264
47,11.237786195728638,-27.746556985310463,0.0013374930349160413,9.824035390084513,0.0004139307329289068,0.00018161037587560713,-0.00018796145741362125,-8.985167369246483e-05,4.975710544385947e-05,0.0003988712269347161,0.028328599997621495,0.0,0.0,0.00010996304627042264
48,8.82106764278364,-14.969809679482804,0.000440270735506423,-5.515347302863647,0.0005148181965505758,7.473162258975208e-05,-8.189949767256621e-06,-0.00015297139179892838,4.982388054486364e-05,8.794126188149676e-05,0.017356199998175725,0.0,0.0,7.473162258975208e-05
49,9.07646128888796,-6.551979394327532,0.0012207441704447492,11.41898279748452,0.00044643418811442866,0.00022445525974035263,4.4830805563833565e-05,0.00044441534555517137,0.0001073456514859572,0.00030122927273623645,0.025906000002578367,0.0,0.0,7.473162258975208e-05
50,14.645089618828319,-12.69546937918589,0.0008000088548627358,1.6488619672421396,0.00035411270491393507,0.00015802950656507164,-4.506257391767576e-05,-0.00013549964933190495,0.00037828751374036074,7.326831109821796e-05,0.016637699998682365,0.0,0.0,7.473162258975208e-05
0,10.0,-10.0,0.0,10.0,0.0,0.00041285480256192386,-0.0001844415528466925,-0.0011707161320373416,0.00011004647240042686,0.00018621508206706494,0.03296229999978095,0.0,1.0,0.00041285480256192386
1,-30.0,30.0,-0.006,-30.0,0.006,0.0019717395771294832,0.003920344635844231,-0.0023947886656969786,0.0014028779696673155,0.00016894694999791682,0.025703300001623575,0.0,1.0,0.00041285480256192386
2,29.836841063222007,-21.71068187178472,0.004628031731744058,15.621285940895554,-0.001261768660292364,0.0013818657025694847,-0.0008525794255547225,0.004044638015329838,0.0005769665585830808,5.327917097019963e-05,0.01617009999608854,0.0,1.0,0.00041285480256192386
3,15.311014277371818,-17.054619823756042,-0.003984737889791774,9.438042951510264,0.0006160694424605347,0.0016389084048569202,1.8055618056678213e-05,-0.006241557653993368,0.00029075477505102754,5.2658178901765496e-06,0.09864299999753712,0.0,1.0,0.00041285480256192386
4,-7.423837243298453,-12.436842753080976,0.0009563172052854586,8.874711178202581,3.7810742558845866e-05,0.0003760821418836713,-0.0001879723131423816,0.0005003221449442208,0.0006297625368461013,0.00018627155805006623,0.016496500000357628,0.0,1.0,0.0003760821418836713
5,-8.260598077406286,11.688388891377233,0.0008985083530533448,12.247517521285737,0.002588351738571754,0.001010171021334827,0.0011571819195523858,0.002675005467608571,0.0001678214903222397,4.067524059792049e-05,0.02706210000178544,0.0,1.0,0.0003760821418836713
6,12.3494278678984,-6.885870626632127,0.0007053546180091149,8.91156177339966,-0.0035867131867531993,0.0006523955380544066,-0.0017625972395762801,-0.0003024338511750102,0.00020910080638714135,0.00033545028418302536,0.017477699999290053,0.0,1.0,0.0003760821418836713
7,6.370700356196176,-18.31709028067353,0.0005639737855956939,-13.774198448403219,0.0028145648651791864,0.000444201345089823,0.000940656871534884,0.0001840798940975219,0.00048763048835098743,0.00016443815547972918,0.016393400001106784,0.0,1.0,0.0003760821418836713
8,-29.355599723521017,-21.022822821789067,0.00011184336456018887,23.81278364560886,0.002143701182691275,0.0006893773097544909,0.000717993825674057,-0.0013344860635697842,0.0001233499642694369,0.0005816794000566006,0.016908699995838106,0.0,1.0,0.0003760821418836713
9,27.126112196920232,-11.499689003736123,0.0011720126284149937,6.046765809164892,0.0033483044795233957,0.0007109360885806382,0.0013106676051393151,-0.000285903865005821,0.0008701451006345451,0.00037702781264670193,0.019460700001218356,0.0,1.0,0.0003760821418836713
10,5.127879225561734,-24.99829235023649,0.0005096562885485852,9.982205118782892,-0.0009929400182227387,0.0005950568011030555,-0.0007881862693466246,-0.001017634873278439,0.000263790600001812,0.0003106155199930072,0.016813900001579896,0.0,1.0,0.0003760821418836713
11,-10.374847026450011,-13.95746685326588,8.960790435544337e-05,-22.853728958726045,-0.000514400592200281,0.0009317175135947764,-0.00043186882976442575,9.869020868791267e-05,0.0031281658448278904,6.81452511344105e-05,0.01620109999930719,0.0,1.0,0.0003760821418836713
12,-17.16801639130554,-11.392246592769313,0.0005265179287076497,9.908904585870578,0.006,0.0010424474021419883,0.002505816984921694,0.00039655191358178854,0.0009228716371580958,0.00034454872366040945,0.01617149999947287,0.0,1.0,0.0003760821418836713
13,-22.662200115330414,-16.50363775623471,0.0003061442592093269,6.159528871427404,0.0009433059605740635,0.0006594096194021404,0.00017630211368668824,-0.00024705129908397794,0.001872536726295948,0.00034174841130152345,0.029624300004797988,0.0,1.0,0.0003760821418836713
14,1.959609343672208,-10.862824797790783,0.0010117173594415474,28.192510218243612,0.00044056729960463255,0.00011122161959065124,-3.163719520671293e-05,0.00011004362750099972,0.0002218944428022951,8.131122012855485e-05,0.016775000003690366,0.0,1.0,0.00011122161959065124
15,-0.9961442990302515,-16.551626212862157,0.0015199763598441301,22.125608300213774,0.0018850655757211717,0.00037064621574245393,0.0006112842820584774,0.0006455930997617543,5.0601036491570994e-05,0.00017510645557194948,0.016911300001083873,0.0,1.0,0.00011122161959065124
16,18.773303579945715,0.8304980713946782,0.001387389082732516,9.308675129924634,-0.0007878051207663714,0.0004714350507128984,-0.00042649434180930257,0.00021920169820077717,0.0003667318669613451,0.0008733123540878296,0.016634999999951106,0.0,1.0,0.00011122161959065124
17,-12.670366984196683,-6.330854647228748,0.0012206815412889277,25.469741136554475,-0.0004390694478788734,0.0007773205288685858,-0.0004158497031312436,0.0020069314632564783,0.0003302651166450232,0.00035623571602627635,0.029710700000578072,0.0,1.0,0.00011122161959065124
18,13.910566636971954,-25.764565672669992,0.000789350956970821,24.685584939872314,0.0015380870245353567,0.0005656694411300123,0.0004389605310279876,-0.001393674174323678,6.0334819863783196e-05,0.0003697082865983248,0.027818199996545445,0.0,1.0,0.00011122161959065124
19,1.3265434414453707,-18.170901545232976,0.0005710059491743876,13.822890976089914,0.001731674460295483,0.00040252559119835496,0.0005197445279918611,-0.0007030542474240065,0.00021474665845744312,0.00017255693092010915,0.01782130000356119,0.0,1.0,0.00011122161959065124
20,-4.313434003453311,-19.628381799381636,0.0009483555209150943,23.052993626376956,0.0013206256155295442,0.0002777319750748575,0.00034921805490739644,-0.00040284101851284504,6.178180046845227e-05,0.00029708707006648183,0.016603299998678267,0.0,1.0,0.00011122161959065124
21,5.499406433327043,-18.974655773067827,0.0015123774722617831,-4.306465934904911,0.0008339809680496599,0.0003312554326839745,5.982324728392996e-05,0.0006685900152660906,0.00043410470243543386,0.00016250371118076146,0.01871289999689907,0.0,1.0,0.00011122161959065124
22,2.09263333323548,-14.553129003015389,0.0013796503355019338,-7.790232753123878,0.0011392858806559616,0.0004638879036065191,0.0002838828368112445,0.000732604181393981,0.0007253546500578523,0.00011370989523129538,0.016634500003419816,0.0,1.0,0.00011122161959065124
23,3.8019163160470932,-13.54061639413269,0.001043231511651677,13.61391139387101,0.0009747977738244585,0.0001064628449967131,0.00021676877804566175,0.00010765596380224451,8.24968155939132e-05,1.892980253614951e-05,0.016775700001744553,0.0,1.0,0.0001064628449967131
24,4.696834402310223,-0.2351159071005463,0.0007853672720069675,11.753568871403749,0.0011793483781676072,0.00033452975912950933,0.00042937902617268264,0.00046226877020671964,7.697336695855483e-05,0.0003694978659041226,0.018418699997710064,0.0,1.0,0.0001064628449967131
25,4.754222093573714,-14.079913977117851,0.0010244560660773348,-2.279639984305799,0.0009217667551180712,0.00023808618425391614,0.00019307294860482216,0.0003392331418581307,0.0003409888595342636,7.904976519057527e-05,0.01640350000525359,0.0,1.0,0.0001064628449967131
26,11.674790914610151,-10.402508034987918,0.001034868482958634,19.637390430684118,0.0004973252054569328,0.00018053845269605517,1.3091678738419432e-05,-0.00026937859365716577,0.00010879560431931168,0.0003308879677206278,0.016630699996312615,0.0,1.0,0.0001064628449967131
27,23.016442698905923,-3.701151789397425,-0.00032182355123180965,24.01326577526076,0.002695138280504359,0.001409401884302497,0.001008161692880094,-0.0033310181461274624,1.4286437362898141e-05,0.0012841413263231516,0.016577700000198092,0.0,1.0,0.0001064628449967131
28,19.179977260602154,-6.722858254983636,0.0009976085233998789,-3.5778941030540206,0.0001733288739556012,0.00029359670588746667,-1.3038205906923395e-05,0.0001847583189373836,0.0007528148707933724,0.00022377545246854424,0.016519000004336704,0.0,1.0,0.0001064628449967131
29,6.094780368063191,-8.876290890764091,0.0009018618268548631,7.707752901425457,0.000466164065336811,9.122115443460643e-05,4.481444921111688e-05,0.00017467656289227307,2.9004746465943754e-05,0.00011638888099696487,0.016884199998457916,0.0,1.0,9.122115443460643e-05
30,16.64619339616769,-4.003747185038254,0.000899373201276433,-16.087369913498662,0.0005576243991968771,0.00043973809806630015,0.00029114895733073354,0.0006001481087878346,0.0008499567047692835,1.7698679585009813e-05,0.016685700000380166,0.0,1.0,9.122115443460643e-05
31,14.701673028961888,4.8725165482427375,0.000595808159535802,-9.363243052758571,-0.000593873234342604,0.0003088124794885516,-8.594088285462931e-05,0.000268556788796559,0.0005853111506439745,0.00029544116114266217,0.016591699997661635,0.0,1.0,9.122115443460643e-05
32,-18.43438071777936,-29.086282198170196,0.0010155280954059402,20.689205903350445,0.0019666237055745023,0.0006441195146180689,0.0005926832091063261,-0.0011850812006741762,0.00039441388798877597,0.0004042996733915061,0.016332999999576714,0.0,1.0,9.122115443460643e-05
33,9.948373588499372,-27.167580709421074,0.0014454319336471193,9.339302569601326,0.000862439367936043,0.00011995133536402136,1.6876363588380627e-05,6.272331665968522e-05,2.57966839853907e-05,0.00037440896267071366,0.020820799996727146,0.0,1.0,9.122115443460643e-05
34,13.303365816799143,9.496408050925956,0.0010305605038639107,-1.1563203033951608,-5.081121545749111e-05,0.00044610013719648123,0.00013435330765787512,0.0005772549193352461,0.00042356952326372266,0.0006492228712886572,0.016384199996537063,0.0,1.0,9.122115443460643e-05
35,8.853149297802258,4.348327561268456,0.00048249377129491733,21.441423314181534,-0.0011988706153009312,0.0005031307809986174,-0.0007012906717136502,-0.00024141155881807208,0.0001378251181449741,0.0009319956880062819,0.016250599997874815,0.0,1.0,9.122115443460643e-05
36,-8.232960351825117,15.690324394618575,0.00034633911565219857,-17.0878953590977,-0.004076026560757632,0.0005473719793371856,-0.001292322063818574,0.0008594946702942252,1.4817954252066556e-05,2.285322807438206e-05,0.016516799994860776,0.0,1.0,9.122115443460643e-05
37,-1.1323423366036185,-3.765721801006085,0.0014132897671053856,28.029510733266555,0.0005473078707975789,0.0005400149966590106,1.761313251336105e-05,0.0016873724525794387,0.00027182584744878113,0.00018324870325159281,0.01673010000376962,0.0,1.0,9.122115443460643e-05
38,20.562521632713267,-26.06489579704717,0.0017821396418646596,3.2559972840475315,0.0007279169532387667,0.0004752642707899213,-7.816875586286187e-05,0.0006726738065481186,0.0008033380727283657,0.00034687641891650856,0.02956640000047628,0.0,1.0,9.122115443460643e-05
39,-10.023111119654592,16.30864699807823,0.006,-28.66208720378412,0.006,0.0015036632539704442,0.003484981134533882,0.002321564359590411,0.0001632589555811137,4.4848256948171183e-05,0.01623529999778839,0.0,1.0,9.122115443460643e-05
40,11.24253968750597,10.412333889116587,-0.00010083187345692019,-8.557563837845912,-0.0016643814896578249,0.0003498645673971623,-0.00046777917305007577,-9.879378194455057e-05,0.00046375510282814503,0.0003691301681101322,0.01629250000405591,0.0,1.0,9.122115443460643e-05
41,-19.994388181052933,20.56898499598961,-0.0005617081640814726,15.719514839498972,-0.0018012597425512962,0.0013923805672675371,-0.0008153137750923634,0.003575545269995928,0.0004929790738970041,0.0006856844993308187,0.026672899999539368,0.0,1.0,9.122115443460643e-05
42,13.218568551276988,-25.946333940017254,0.0015976216596586756,20.38851665149694,-0.000311045341171142,0.00022304305457510054,-0.00042210801620967686,-8.426435670116916e-06,9.210659482050687e-05,0.0003695311606861651,0.01615299999684794,0.0,1.0,9.122115443460643e-05
43,-25.707825996706227,-21.202307712909903,0.006,14.420295997644793,-0.006,0.002794695319607854,-0.0029783633071929216,0.006578110158443451,0.0012024134630337358,0.0004198944370727986,0.01636290000169538,0.0,1.0,9.122115443460643e-05
44,4.9039086116864645,-8.119008989220585,0.0010071024477781509,23.70968181458712,-0.00014880770417720503,0.00020498104277066886,-0.00028107230900786817,0.00016093569865915924,0.00012340610555838794,0.000254510116064921,0.016426200003479607,0.0,1.0,9.122115443460643e-05
45,3.6459141508672697,-29.017058434382584,0.0014890170870558487,7.022513588231544,0.0009858391718846609,0.00024880742421373725,3.2369443943025544e-05,6.30561335128732e-05,0.0005156551487743855,0.000384148966986686,0.024422500006039627,0.0,1.0,9.122115443460643e-05
46,8.605447992054364,-26.372600020815366,0.0016442768179310235,20.59843416212854,0.0009323905382729698,0.0001533609174657613,0.0001371607359033078,5.145446993992664e-05,3.0211178454919718e-05,0.0003946172946598381,0.016517299998668022,0.0,1.0,9.122115443460643e-05
47,2.1079250173288724,-27.41596313417967,0.001490764947798675,21.273949758101686,9.870362889037434e-05,0.00023975205840542912,-0.0002373783936491236,-0.0002483331772964448,3.937842484447174e-05,0.00043391823419369757,0.016557700000703335,0.0,1.0,9.122115443460643e-05
48,3.9951113924278387,-18.6963270417222,0.0012698165372063887,26.248266758670567,0.000224728015977983,0.00014375457249116153,-0.00013380040763877332,-0.00014269510575104505,0.00014462189574260265,0.0001539008953841403,0.016221400001086295,0.0,1.0,9.122115443460643e-05
49,4.063999112311801,-22.767880878587853,0.0013472034233997573,25.71378716365167,0.00048750554163992996,0.00018335333152208477,-2.285497248522006e-05,-0.000288038922008127,0.00012345961295068264,0.0002990598150063306,0.029816900001605973,0.0,1.0,9.122115443460643e-05
50,10.633128462973367,-7.20683296387999,0.00047574473600807497,-10.768973009966619,0.0001431174602487939,0.00010178516095038503,-2.3953225536388345e-07,0.00016903459618333727,0.0002342060615774244,3.660436505015241e-06,0.016426800000772346,0.0,1.0,9.122115443460643e-05
0,10.0,-10.0,0.0,10.0,0.0,0.00041285480256192386,-0.0001844415528466925,-0.0011707161320373416,0.00011004647240042686,0.00018621508206706494,0.03252609999617562,0.0,2.0,0.00041285480256192386
1,-30.0,30.0,-0.006,-30.0,0.006,0.0019717395771294832,0.003920344635844231,-0.0023947886656969786,0.0014028779696673155,0.00016894694999791682,0.02956600000470644,0.0,2.0,0.00041285480256192386
2,28.947573079675337,-19.369291706912666,0.0044311158895883485,5.672969095631841,-0.002736562619027069,0.0015317552024498582,-0.0015306875575333834,0.003440948436036706,0.0011337535688653588,2.163129101973027e-05,0.01880239999445621,0.0,2.0,0.00041285480256192386
3,12.811372265630748,-14.270756416014748,-0.0031184076918842527,0.3637341522145774,0.001396684548600477,0.0011509868782013655,0.0004004929796792567,-0.003929728642106056,0.00026864706887863576,5.078876256447984e-06,0.02765769999678014,0.0,2.0,0.00041285480256192386
4,10.294324135879524,2.2902872468168978,8.252089777657955e-05,29.256623385804325,0.00020468583707993518,0.000685286067891866,-0.0001455732126487419,-0.0013980979565531015,7.819706661393866e-05,0.0011192760430276394,0.022149799995531794,0.0,2.0,0.00041285480256192386
5,-4.90779817880981,-18.446311154708,0.0005700492586674678,-4.514542885566636,0.0011883244593672967,0.0004955756012350321,0.00023343933571595699,-0.00010033600119641051,0.0014760050689801574,0.00017252203542739153,0.027820000002975576,0.0,2.0,0.00041285480256192386
6,23.03951163573258,-17.256411428835687,-0.0001364840873597644,-26.797432673331027,-0.0037361705303724825,0.0012998318998143077,-0.0020154877565801144,0.0006295684725046158,0.002230000216513872,0.00032427109545096755,0.017574599994986784,0.0,2.0,0.00041285480256192386
7,21.012665034451448,-20.60105492401992,0.0004281464940539411,14.774831627811958,0.001925052593560095,0.0006084043998271227,0.0005874526686966419,-0.0014101442648097873,0.0003710201708599925,6.50005167699419e-05,0.017072499998903368,0.0,2.0,0.00041285480256192386
8,29.00632975391961,22.27383827025784,0.00023029699494891815,-2.6076177451756197,0.0010540806227815086,0.0010991249000653625,0.0008512006024830043,-0.0013448427198454738,0.0005280133336782455,0.0016724428860470653,0.028388999999151565,0.0,2.0,0.00041285480256192386
9,12.982142146251439,-25.075223575991156,-0.00023952943233761868,-17.05434310588564,7.240027478525434e-05,0.00032028905116021633,-0.0004967295099049807,-0.00017305022629443556,0.0003482483443804085,0.00026312805130146444,0.014895599997544196,0.0,2.0,0.00032028905116021633
10,7.3745416981387155,-27.008881657923002,0.00042159474657639057,18.79549413607851,-0.00024252741928632352,0.0006264840485528111,-0.0004074747848790139,-0.0016698871040716767,1.8497714336263016e-05,0.0004100765800103545,0.015924100000120234,0.0,2.0,0.00032028905116021633
11,-29.036658557322962,-13.119562787582808,-0.0007831033362004537,-26.66399156449809,0.0006282620085163789,0.001851626206189394,0.00012743953266181052,-0.00043994057341478765,0.006756789516657591,8.233563130488619e-05,0.019054999997024424,0.0,2.0,0.00032028905116021633
12,12.49732216832283,6.243541174333931,0.00027256649517804106,-11.63028325797658,0.003398602577548565,0.0006709776353091002,0.0017679714364930987,0.00017886429850477725,0.0005156899569556117,0.00022138493659440428,0.01656090000324184,0.0,2.0,0.00032028905116021633
13,6.635218835799186,-0.89709888478669,0.0010845870071498856,-17.97500491680296,0.0006305638482097164,0.0003264137194491923,0.00042275560554116964,0.0008159113931469619,2.487719029886648e-05,4.211071063764393e-05,0.02463789999455912,0.0,2.0,0.00032028905116021633
14,9.036449370535571,-17.398045951481773,0.00046496051607387265,-28.169486827618286,0.001515912003098078,0.00035910820588469505,0.0003505114000290632,0.0006747452425770462,0.0002028696471825242,0.00020830656285397708,0.028015999996569008,0.0,2.0,0.00032028905116021633
15,9.618817740162106,-13.532121791687532,0.0005653050935437744,-10.602036848349732,0.0010869310567874558,0.00014144465967547148,0.00028065062360838056,0.0001491995353717357,4.187613740214147e-05,9.40523314056918e-05,0.02330919999803882,0.0,2.0,0.00014144465967547148
16,10.134946046344451,-21.75827233033727,0.0019286284933816452,11.236863217803235,0.0018304562699470682,0.0003832949441857636,0.0005218024016357958,0.0007720403955318034,3.550815745256841e-05,0.00020382879301905632,0.016823400001158006,0.0,2.0,0.00014144465967547148
17,8.414287703234343,-13.477559521262066,0.001277886327026387,-2.5755335842640954,0.0010318697762285902,0.00022046596859581769,0.00025228728190995753,0.0005422771791927516,4.37914022768382e-05,4.350799645180814e-05,0.01650089999748161,0.0,2.0,0.00014144465967547148
18,8.840913825001977,16.284848342374843,0.00018210067910158845,-3.6397129352375206,0.0013757540989668335,0.0005537085235118866,0.0009230592404492199,0.0002788142010103911,0.0004217030364088714,0.0005912576452828944,0.014192399998137262,0.0,2.0,0.00014144465967547148
19,1.7142411027302151,-15.41110794634342,0.001293651476198043,-5.278860630660121,0.001466484755519963,0.0004675481759477407,0.0004141942481510341,0.0006145845400169492,0.00071942392969504,0.00012198994227219373,0.015717900001618546,0.0,2.0,0.00014144465967547148
20,14.668899670518034,-3.209648236019151,0.0012708795725231096,-20.36026700788046,0.000833059182430039,0.0005609899526461959,0.00046737893717363477,0.000928846129681915,0.0007465656963177025,0.00010116912744706497,0.01904590000049211,0.0,2.0,0.00014144465967547148
21,3.259629094135445,-15.99746600067976,0.0001860133273014031,-27.30293117192296,2.1239299671416453e-05,0.0005109948106110096,-0.00026754551799967885,0.00043843360617756844,0.0011821069056168199,0.00015589312533847988,0.01413410000532167,0.0,2.0,0.00014144465967547148
22,14.447354316687482,-25.386192055584146,0.0006271845992798689,-25.860473537477375,0.0014927413530101453,0.0004448231775313616,6.534503336297348e-05,0.0007392446277663112,0.0007130104349926114,0.0002616925339680165,0.017049299996870104,0.0,2.0,0.00014144465967547148
23,13.247239319814485,-11.81082819236376,-2.6712431017678428e-05,-28.815962640930298,0.000995470196515767,0.00044914946192875504,0.0003098793386016041,0.0005996946711093187,0.0006343816639855504,0.0002526422613300383,0.01863799999409821,0.0,2.0,0.00014144465967547148
24,10.106535558594576,-20.04677171083212,0.00048680192815274827,1.6851861661558312,0.001524615162749681,0.00027093919925391674,0.00036874611396342516,-0.000526471936609596,2.3169761334429495e-05,0.00016536896873731166,0.022759100000257604,0.0,2.0,0.00014144465967547148
25,4.7459323439693755,-16.883499542302914,0.0005931693172561082,9.615945525574705,0.0017545239781631328,0.00033820164389908314,0.0005344183882698417,-0.0005409898585639894,0.00017204438336193562,0.00010535403998801485,0.01769609999610111,0.0,2.0,0.00014144465967547148
26,10.905628520624026,-15.177774175718383,0.00023084392068567605,-23.010393883007264,0.0011400884413226653,0.0002608952345326543,0.0002604586770758033,0.00040965763037092984,0.00017919739184435457,0.00019426729704719037,0.02757759999803966,0.0,2.0,0.00014144465967547148
27,13.041929919841222,-6.9988458036536985,0.0008046078421865108,3.6332026485704843,0.0010175349919372989,0.00023197580594569445,0.00033104760223068297,-5.3763149480801076e-05,0.0002856311039067805,0.00025746130268089473,0.015692299995862413,0.0,2.0,0.00014144465967547148
28,12.934820447412587,-8.615458057699081,0.0005790516454363061,-2.5882768800529337,0.0009483408168194018,0.00020915713685099036,0.0002995982358697802,-8.971337956609204e-05,0.00033644193899817765,0.00011087499296991155,0.018271299995831214,0.0,2.0,0.00014144465967547148
29,1.9393479491773165,-28.364007480062146,-0.0001124354775035638,-23.499710783797934,0.0017063618474457674,0.0005864594131708145,9.080383460968733e-05,7.780002488289028e-05,0.0020045549608767033,0.0001726786867948249,0.015522699999564793,0.0,2.0,0.00014144465967547148
30,10.185179621708716,-13.409202247771185,0.0010032059334481546,10.27665499122033,0.0010383111172856156,0.00012458694982342422,0.00024768515140749514,-8.214078115997836e-05,9.266435517929494e-05,7.585750427097082e-05,0.019633299998531584,0.0,2.0,0.00012458694982342422
31,11.483928282846737,-22.786783159958734,0.0007464610265976026,-5.431924989320421,0.0008100947402053575,0.0001050517603289336,-3.4445951314410195e-05,-3.786788511206396e-05,0.00011505360453156754,0.00023283959308173507,0.019765700002608355,0.0,2.0,0.0001050517603289336
32,14.241721051791433,-6.499430148252417,0.0018934514145504298,28.50093948720253,0.001402140274625977,0.0005108207114972174,0.0004009657131973654,0.0008335677557624876,1.7704383935779333e-05,0.0007910449639894068,0.017562100001669023,0.0,2.0,0.0001050517603289336
33,13.732570245371107,-15.162479678419029,0.000273561566259736,-4.657558879518577,0.0007597863849398355,0.00023189607600215822,9.674540342530236e-05,-0.00037964765215292573,0.00038667768239974976,6.451357330661267e-05,0.01429179999831831,0.0,2.0,0.0001050517603289336
34,7.890606120453325,-15.829009393204135,0.0010502887135277561,0.9764570571114916,0.000518209754323056,9.680182120064273e-05,-1.8154456483898684e-05,0.00019620204693637788,9.435860556550324e-05,7.849219400668517e-05,0.01873650000197813,0.0,2.0,9.680182120064273e-05
35,14.617966401178697,-23.817443793099617,0.0010750227452395573,-8.766010671681135,-0.0006800107863585084,0.00046813851804472506,-0.0007482251385226846,0.00036124695907346904,0.0005015401402488351,0.0002615417761262506,0.016567099999519996,0.0,2.0,9.680182120064273e-05
36,15.332613655295223,-18.308944698434946,0.0013324992409455086,16.543881813891346,0.0009320367444432758,0.00011833343160105869,0.0001632802450330928,-0.00012632606376428157,0.00017976028902921826,3.967120392189827e-06,0.0179673999955412,0.0,2.0,9.680182120064273e-05
37,2.3253611353062746,-15.4761937671393,0.0010450557005171896,0.56284816284315,0.0006552971229412869,0.000238842869293876,5.06048345414456e-05,0.0002921470731962472,0.0004999915254302323,0.00011262804764555767,0.018021099996985868,0.0,2.0,9.680182120064273e-05
38,2.3329549986526916,-0.32177604804270415,0.0010619590749661916,14.535434399426224,0.0007526212618229976,0.00039643028867430985,0.00021449859195854515,0.0009907284984365106,6.608294643228874e-05,0.00031441112514585257,0.015661999997973908,0.0,2.0,9.680182120064273e-05
39,4.061701550062717,-21.052508541545475,0.0004816722479411227,-10.981688361464755,0.00048788581404518073,0.0003012902452610433,-0.00016357807908207178,-3.333409040351398e-05,0.0008216217393055558,0.00018662707589101046,0.01885279999987688,0.0,2.0,9.680182120064273e-05
40,19.363149288472886,-24.518318029504485,0.001991118089604926,29.718816174096375,0.0005332192789491445,0.0001855746377259493,1.8615772205521353e-05,0.00035478637437336147,0.00010022978676715866,0.0002686666266527027,0.02478319999499945,0.0,2.0,9.680182120064273e-05
41,1.76215746613004,-18.024420856459486,0.0005697715598372019,-4.92972298680456,0.0010383370758408718,0.0003046797646675259,0.00017043515981640667,-9.760651300894096e-05,0.0007954712491482496,0.00015520610031671822,0.017518000000563916,0.0,2.0,9.680182120064273e-05
42,-4.914395932205087,2.831846165039328,-0.0001619612083559164,-3.406581254709001,0.0026681019851642553,0.0004735669062938541,0.0012809617910534143,0.0002141152654075995,0.00038869460695423186,1.0495999958948232e-05,0.01580400000239024,0.0,2.0,9.680182120064273e-05
43,19.350976922949247,-29.18634449043998,0.0018494139570617572,14.52792304763885,0.0013945074107238567,0.0004043133812956512,0.00027785132988356054,0.00046295372885651886,0.0003633907181210816,0.0005130577483214438,0.018560399999842048,0.0,2.0,9.680182120064273e-05
44,15.458440807430835,-13.510117991002186,0.0014741133466649164,29.749795835686935,0.00027183709047828966,0.00018178776372224092,-0.00010748615022748709,-0.00019141881784889847,2.1102468963363208e-05,0.00040714358328841627,0.01589120000426192,0.0,2.0,9.680182120064273e-05
45,26.416955875914848,-17.34753747194172,0.001454805771708665,28.37151889434656,0.00024285849382839166,0.00036807189462706447,-0.00011924699356313795,-0.0007849910180084407,0.000172617903444916,0.00039543164893984795,0.01627060000464553,0.0,2.0,9.680182120064273e-05
46,14.194030618483557,-4.449639128978028,0.0008690336664375685,-5.068902157831072,0.0003103174998673395,0.0002569864154793322,9.979589231079444e-05,0.00027491257060319185,0.00046639484935440123,0.0001868423423729837,0.027330800003255717,0.0,2.0,9.680182120064273e-05
47,10.17190080181808,-12.521643867665103,0.0013204286476980356,21.02145795456201,0.0005999610613201007,0.00011563593579921871,4.781041570822708e-05,0.00011553841613931581,9.112420229939744e-05,0.00020807069086004049,0.02628269999695476,0.0,2.0,9.680182120064273e-05
48,20.847285213855237,-28.369263929869852,0.0011026563179798302,8.779303542998003,0.0003835085048968157,0.00039335156907327473,-0.00021998865122441202,-0.0002646833017934114,0.0006335647776722908,0.00045516961836256087,0.017484200005128514,0.0,2.0,9.680182120064273e-05
49,21.345408019795766,-26.87420260281158,0.0013740238508339235,24.335749075328057,0.0008875096407709503,0.0002814883191604167,0.00014135580568108708,-0.0005103956209495664,5.4661286412738264e-05,0.00041954053449444473,0.024076800000329968,0.0,2.0,9.680182120064273e-05
50,10.834993489946545,-16.962038194336646,0.0005802564230827298,-22.299634887410125,0.0003740623844175897,0.0002538786793593317,-0.00013941981887910515,0.0005430339369922876,0.00013466351083479822,0.00019839743617922068,0.016015100001823157,0.0,2.0,9.680182120064273e-05
