step,q1,q2,q3,cv,ch,mse,log_mse,mae,log_mae,xopt_runtime,xopt_error,run,best_mae
0,-10.0,10.0,10.0,0.0,0.0,9.720764637677348e-07,-13.843831062316895,0.0007189196767285466,-7.2377610206604,1.0956784000009065,0.0,0.0,0.0007189196767285466
1,-26.514983269908033,21.970568746496113,6.066900704592527,0.002496870933552546,-0.005752986068450371,0.00014899559027981013,-8.811594009399414,0.008755620568990707,-4.7380595207214355,0.009437000000616536,0.0,0.0,0.0007189196767285466
2,28.19459112971966,19.946558448025307,-17.25965335930343,-0.003818100393514793,-0.0037991458817587943,3.327262311358936e-05,-10.310775756835938,0.004320160020142794,-5.444462776184082,0.009419699999853037,0.0,0.0,0.0007189196767285466
3,-11.745465422427735,1.4853858979342718,-4.0832988814730555,-0.002505250317623497,0.0013422347366685537,3.460571406321833e-06,-12.574076652526855,0.0015462343581020832,-6.471932888031006,0.008703799998329487,0.0,0.0,0.0007189196767285466
4,-21.63036836087749,-12.47132108788691,-8.0182894023785,-0.0005271601893955691,0.003422111536716163,8.236110261350404e-06,-11.706982612609863,0.0026976352091878653,-5.915379524230957,0.007630400003108662,0.0,0.0,0.0007189196767285466
5,-11.033762392804686,-9.896562484875844,30.0,0.006,0.006,2.4680972273927182e-05,-10.609477996826172,0.0036665438674390316,-5.608505725860596,0.004344500001025153,0.0,0.0,0.0007189196767285466
6,-8.6777837141782,-27.477707082504498,30.0,-0.006,-0.006,5.013484769733623e-05,-9.90079402923584,0.0051623242907226086,-5.266368389129639,0.002846700001100544,0.0,0.0,0.0007189196767285466
7,-15.033925407740927,-27.11571462794293,22.451808511987206,0.006,0.00010905712328447065,3.7249381421133876e-05,-10.197875022888184,0.004349170718342066,-5.437769889831543,0.0022460999971372075,0.0,0.0,0.0007189196767285466
8,-11.728694253360207,30.0,-30.0,-0.006,0.006,4.008970790891908e-07,-14.729560852050781,0.0006330502219498158,-7.364960670471191,0.0022228000016184524,0.0,0.0,0.0006330502219498158
9,-12.320638992806575,26.95474838635308,9.852371498978,-0.006,0.002669098127042284,1.9804106159426738e-06,-13.132205963134766,0.0011439004447311163,-6.773311614990234,0.0022219999991648365,0.0,0.0,0.0006330502219498158
10,-9.990902511363972,19.43078329836212,-26.45543472881724,-0.006,0.0015220929409614512,3.7151613696551067e-07,-14.805673599243164,0.0004936095210723579,-7.613765716552734,0.005698900000425056,0.0,0.0,0.0004936095210723579
11,-11.394609043918814,11.976193685819842,-27.96888274419862,-0.006,0.006,3.4947257177009305e-07,-14.866840362548828,0.0005826716660521924,-7.447886943817139,0.003749999999854481,0.0,0.0,0.0004936095210723579
12,8.530067658743256,12.032481502517301,-23.493788073307613,-0.006,0.0021354564818794643,1.2032797940264572e-06,-13.630459785461426,0.0009148248936980963,-6.9967780113220215,0.0028201000022818334,0.0,0.0,0.0004936095210723579
13,-5.006787846800736,-15.241329859206065,-25.874360962305424,-0.006,0.0020467464550368198,3.0103824428806547e-06,-12.713443756103516,0.001731797819957137,-6.358595371246338,0.0023316999977396335,0.0,0.0,0.0004936095210723579
14,12.588047748323113,23.90482333732467,26.727735565055013,-0.006,0.0009559414127825965,0.0013125436380505562,-6.635788440704346,0.025659209117293358,-3.6628527641296387,0.002173100001527928,0.0,0.0,0.0004936095210723579
15,-30.0,-22.51983185514162,-30.0,0.006,-0.006,1.7296661098953336e-05,-10.964997291564941,0.003952565602958202,-5.533390522003174,0.0021868000003451016,0.0,0.0,0.0004936095210723579
16,17.64990728813637,-30.0,-30.0,0.006,0.006,1.6148271242855117e-05,-11.033697128295898,0.003371281549334526,-5.69246244430542,0.0027069000025221612,0.0,0.0,0.0004936095210723579
17,6.756616227907313,21.180026569485115,-10.283524319488084,0.006,-0.006,3.1374962418340147e-05,-10.369500160217285,0.004096690099686384,-5.497575759887695,0.0023799000009603333,0.0,0.0,0.0004936095210723579
18,-15.255078306258179,-17.264227651891254,-28.62874736395819,0.006,-0.006,4.0769755287328735e-06,-12.410155296325684,0.001466238172724843,-6.525055408477783,0.005613400000584079,0.0,0.0,0.0004936095210723579
19,-19.55524239159324,30.0,-20.821377501715062,-0.006,0.006,1.6612503941360046e-06,-13.307939529418945,0.0011673399712890387,-6.753027439117432,0.002612500000395812,0.0,0.0,0.0004936095210723579
20,4.926311384297204,30.0,-30.0,0.006,-0.006,1.0622390618664213e-05,-11.452546119689941,0.0025728000327944756,-5.9627604484558105,0.005618700000923127,0.0,0.0,0.0004936095210723579
21,15.764657657099045,30.0,-17.777659273986174,-0.006,0.006,2.6232153686578386e-05,-10.548524856567383,0.003820188110694289,-5.567455768585205,0.002200200000515906,0.0,0.0,0.0004936095210723579
22,-17.437730968081794,-30.0,-30.0,-0.006,0.006,9.666946425568312e-06,-11.546797752380371,0.0024791883770376444,-5.999824047088623,0.0021193000029597897,0.0,0.0,0.0004936095210723579
23,-11.409710422996397,30.0,-12.24371410614421,0.006,0.006,2.735184239099908e-07,-15.111896514892578,0.0005229485686868429,-7.556027412414551,0.00637309999729041,0.0,0.0,0.0004936095210723579
24,-7.518516735261575,30.0,9.100187864426365,0.006,0.006,1.5656301911803894e-05,-11.064637184143066,0.0029652034863829613,-5.820809364318848,0.0024792999975034036,0.0,0.0,0.0004936095210723579
25,-11.879423346047476,30.0,-15.9991167842756,-0.006,-0.006,3.9645203742111335e-07,-14.740711212158203,0.0006246223929338157,-7.378363132476807,0.005642699998134049,0.0,0.0,0.0004936095210723579
26,-11.998819864687356,-30.0,-30.0,0.006,0.006,6.5023800743801985e-06,-11.943342208862305,0.0019461471820250154,-6.241903781890869,0.002831900001183385,0.0,0.0,0.0004936095210723579
27,-11.953520336649206,-30.0,4.303306652944954,-0.006,0.006,1.712000448605977e-05,-10.975262641906738,0.0034628973808139563,-5.6656494140625,0.004338800001278287,0.0,0.0,0.0004936095210723579
28,-11.536131214495583,-30.0,-30.0,-0.006,-0.006,6.301857411017409e-06,-11.974666595458984,0.0019518982153385878,-6.238953113555908,0.0022200000021257438,0.0,0.0,0.0004936095210723579
29,-30.0,30.0,4.270058490349738,-0.006,0.006,0.0002485849254298955,-8.299726486206055,0.011420921422541142,-4.472308158874512,0.0022732000034011435,0.0,0.0,0.0004936095210723579
30,-11.870488626866829,-15.124951374093188,17.628804881280214,0.006,-0.0003983763359573711,2.1383817511377856e-05,-10.752876281738281,0.0033561510499566793,-5.69696044921875,0.0027962999993178528,0.0,0.0,0.0004936095210723579
31,-12.04541025635298,-30.0,-14.27510823326262,0.006,0.006,6.574534381798003e-06,-11.932307243347168,0.0025618928484618664,-5.9670090675354,0.0021683999984816182,0.0,0.0,0.0004936095210723579
32,-11.891976445522976,30.0,13.318151254587784,-0.006,-0.006,7.804222832419327e-07,-14.063430786132812,0.0007758334977552295,-7.161572456359863,0.002873999997973442,0.0,0.0,0.0004936095210723579
33,6.777248938238982,-30.0,-23.066876878050824,-0.006,-0.006,1.0406231922388542e-05,-11.473105430603027,0.0027873299550265074,-5.882671356201172,0.005626900001516333,0.0,0.0,0.0004936095210723579
34,-12.653608955800653,30.0,-3.745878685459369,0.006,-0.006,1.2509634643720347e-06,-13.591596603393555,0.0009892091620713472,-6.918604850769043,0.002833800001099007,0.0,0.0,0.0004936095210723579
35,-30.0,-30.0,30.0,-0.006,-0.006,3.98902157030534e-05,-10.129379272460938,0.004756837151944637,-5.348172187805176,0.005626900001516333,0.0,0.0,0.0004936095210723579
36,-13.327878232383428,30.0,30.0,-0.006,-0.006,1.1621934390859678e-05,-11.362616539001465,0.0025414431001991034,-5.97502326965332,0.002777499998046551,0.0,0.0,0.0004936095210723579
37,0.33143544762618815,30.0,-20.246294726462455,-0.006,0.006,1.1411857485654764e-06,-13.683443069458008,0.000966112595051527,-6.942230224609375,0.004406999996717786,0.0,0.0,0.0004936095210723579
38,-12.188707699254437,30.0,-30.0,0.006,-0.006,3.4339581134190666e-07,-14.884382247924805,0.0005824151448905468,-7.44832706451416,0.002214500000263797,0.0,0.0,0.0004936095210723579
39,-12.285939468460185,30.0,-18.73932082102201,-0.006,-0.006,4.5319487185224716e-07,-14.60694408416748,0.0006658608326688409,-7.314429759979248,0.005628300001262687,0.0,0.0,0.0004936095210723579
40,-23.047252677505472,30.0,-30.0,0.006,0.006,2.055763843600289e-06,-13.094862937927246,0.0013003997737541795,-6.645083427429199,0.0028358999988995492,0.0,0.0,0.0004936095210723579
41,-11.811106531560288,-30.0,-0.5166340353363834,0.006,-0.006,1.3288400623423513e-05,-11.228618621826172,0.0032174992375075817,-5.7391510009765625,0.0026218999992124736,0.0,0.0,0.0004936095210723579
42,-12.217300961088572,-30.0,12.16395031006803,-0.006,0.006,2.5206169084412977e-05,-10.588421821594238,0.003886532038450241,-5.550238132476807,0.003007600000273669,0.0,0.0,0.0004936095210723579
43,-11.939241397032823,19.11939483232809,-22.471162353492463,0.006,0.006,3.3134665500256233e-07,-14.920101165771484,0.00046051829122006893,-7.683157920837402,0.0028153000021120533,0.0,0.0,0.00046051829122006893
44,-11.568707891536642,-30.0,-18.745466871334397,-0.006,-0.006,5.797863650514046e-06,-12.05802059173584,0.002383896615356207,-6.0390191078186035,0.0022770999967178795,0.0,0.0,0.00046051829122006893
45,-12.473238837000524,30.0,19.775177844405917,-0.006,-0.006,2.76641981145076e-06,-12.797956466674805,0.0013249715557321906,-6.626364231109619,0.0022888000021339394,0.0,0.0,0.00046051829122006893
46,2.733775491612634,2.9497664970367903,-30.0,0.006,0.006,6.131418558652513e-06,-12.002084732055664,0.00197605206631124,-6.226654529571533,0.002187500002037268,0.0,0.0,0.00046051829122006893
47,-11.855917745725678,-30.0,8.456284207060012,-0.006,-0.006,2.1265217583277263e-05,-10.758438110351562,0.0036923359148204327,-5.601495742797852,0.002733599998464342,0.0,0.0,0.00046051829122006893
48,1.477694382190972,-30.0,30.0,-0.006,-0.006,6.615893653361127e-05,-9.62345027923584,0.005851563066244125,-5.141046524047852,0.002207900000939844,0.0,0.0,0.00046051829122006893
49,11.699902060170286,-27.147892593364315,-30.0,-0.006,-0.006,1.0748034583230037e-05,-11.440787315368652,0.0027684473898261786,-5.889468669891357,0.0026637000009941403,0.0,0.0,0.00046051829122006893
50,-5.715001970797904,30.0,7.916804403602504,-0.006,0.006,3.157969331368804e-05,-10.362996101379395,0.00413971021771431,-5.4871296882629395,0.002194299999246141,0.0,0.0,0.00046051829122006893
51,-11.85210002251171,30.0,-6.168074777711409,-0.006,0.006,4.487084197535296e-07,-14.61689281463623,0.0006479160510934889,-7.34174919128418,0.0027698000012605917,0.0,0.0,0.00046051829122006893
52,-12.15200780489499,29.679723796519383,-13.850993010688743,-0.006,-0.006,5.006777428206988e-07,-14.507303237915039,0.0006871933583170176,-7.282895088195801,0.0020679999979620334,0.0,0.0,0.00046051829122006893
53,-26.70107495583979,22.996570220584783,30.0,0.006,-0.006,0.0005511134513653815,-7.503570079803467,0.016806375235319138,-4.085997104644775,0.00206389999948442,0.0,0.0,0.00046051829122006893
54,-12.187929364435513,19.28680973521014,10.854612716639053,-0.006,-0.0019280606391749611,3.2887242014112417e-06,-12.62501049041748,0.0013737493427470326,-6.590211391448975,0.002703900001506554,0.0,0.0,0.00046051829122006893
55,11.947440547668883,30.0,-30.0,0.006,-0.006,2.0227183995302767e-05,-10.808483123779297,0.003439687192440033,-5.672374725341797,0.002206299999670591,0.0,0.0,0.00046051829122006893
56,19.93706872161219,30.0,-30.0,-0.006,-0.006,3.5529581509763375e-05,-10.245144844055176,0.004461543634533882,-5.41226053237915,0.0022368999998434447,0.0,0.0,0.00046051829122006893
57,-25.66949014905009,-30.0,-30.0,-0.006,-0.006,1.7263977497350425e-05,-10.966888427734375,0.003730055410414934,-5.591331958770752,0.0057474000022921246,0.0,0.0,0.00046051829122006893
58,-0.6850788468911806,-30.0,-30.0,-0.006,-0.006,4.728130079456605e-06,-12.261981010437012,0.0021740396041423082,-6.131168365478516,0.00279910000244854,0.0,0.0,0.00046051829122006893
59,-12.083902932136143,23.963432237735233,-29.972263761844253,0.006,0.00011919955813549485,1.7481957570453233e-07,-15.559511184692383,0.00040292629273608327,-7.816756725311279,0.0022403000002668705,0.0,0.0,0.00040292629273608327
60,-28.46189409782088,8.131282891601408,-26.944324712485297,0.006,0.006,1.9607455215009395e-06,-13.142186164855957,0.0014002661919221282,-6.5710930824279785,0.002781300001515774,0.0,0.0,0.00040292629273608327
61,-24.125578235450018,2.536787367735499,-19.24374783404997,0.006,0.0011220985938077872,2.3176312424766365e-06,-12.97496509552002,0.0015177949098870158,-6.490496635437012,0.002452699998684693,0.0,0.0,0.00040292629273608327
62,-11.810015810756694,15.941481167610432,-9.020595490278119,0.006,0.006,1.08060987713543e-06,-13.737984657287598,0.0007808161899447441,-7.155170917510986,0.005639699997118441,0.0,0.0,0.00040292629273608327
63,19.26204862238232,-2.4113391433860087,-23.179713488251384,-0.006,0.006,6.249899342947174e-06,-11.982945442199707,0.0020830060821026564,-6.173943042755127,0.0021568000011029653,0.0,0.0,0.00040292629273608327
64,-1.30413273574804,2.6405203687297485,-10.042316123749153,-0.006,0.006,1.8406596780096152e-07,-15.50797176361084,0.0004206894664093852,-7.773615837097168,0.0022442999979830347,0.0,0.0,0.00040292629273608327
65,30.0,-30.0,30.0,-0.006,-0.006,9.843625593930483e-05,-9.22610092163086,0.007104481104761362,-4.9470295906066895,0.0022196999998413958,0.0,0.0,0.00040292629273608327
66,-12.486063076269371,11.968862695066585,-27.89512938243241,-0.006,-0.0020334031049686085,2.6777473749461933e-07,-15.133119583129883,0.0005174598190933466,-7.5665788650512695,0.0022509000009449665,0.0,0.0,0.00040292629273608327
67,-30.0,-30.0,1.2171616048059977,0.006,0.006,7.485104106308427e-06,-11.802596092224121,0.002721088007092476,-5.906723499298096,0.002828099997714162,0.0,0.0,0.00040292629273608327
68,-13.847781413318433,25.582504432094293,-0.20044705515485917,0.006,0.0011992144259068429,4.654570147977211e-06,-12.277661323547363,0.0016783372266218066,-6.389951705932617,0.002211199996963842,0.0,0.0,0.00040292629273608327
69,13.558486719326316,3.3759410961392593,1.6367121825789226,-0.006,0.0026450431415855954,6.234520697034895e-05,-9.68282413482666,0.005686165764927864,-5.169719219207764,0.002976600000692997,0.0,0.0,0.00040292629273608327
70,-6.359768171974293,20.378032491486827,-25.190596269897416,-0.0004624788698261744,-0.0004890288083752236,5.449360855891427e-07,-14.42259693145752,0.0006095661083236337,-7.402763366699219,0.0025241000003006775,0.0,0.0,0.00040292629273608327
71,-5.417171677216293,-15.681473685585136,8.090628101494527,0.0009642287938070539,-0.002191994454624422,7.5321595431887545e-06,-11.7963285446167,0.0021495260298252106,-6.142508029937744,0.002916699999332195,0.0,0.0,0.00040292629273608327
72,11.244001118459092,-6.475552541410855,-15.875716168016085,-0.006,0.006,7.137708166737866e-07,-14.152704238891602,0.0007699126144871116,-7.169233322143555,0.0022523000006913207,0.0,0.0,0.00040292629273608327
73,-29.3577545133978,-4.901051256023185,-4.3875392903866,-0.0015318278071444508,-0.0003043788159537459,2.5568591809133068e-05,-10.574146270751953,0.0042037335224449635,-5.471782207489014,0.002306700000190176,0.0,0.0,0.00040292629273608327
74,-21.108742441454318,7.716853930240935,-30.0,0.006,0.006,1.6746012079238426e-06,-13.299935340881348,0.0012916706036776304,-6.651818752288818,0.0027541000017663464,0.0,0.0,0.00040292629273608327
75,-7.86407165951239,-30.0,-16.664889163096113,-0.006,0.006,6.730637323926203e-06,-11.908841133117676,0.0025696991942822933,-5.963966369628906,0.0027740000004996546,0.0,0.0,0.00040292629273608327
76,-7.348709797289521,-13.877284113546535,-16.885111535362224,0.006,0.003254616025645704,3.1521758501185104e-06,-12.667417526245117,0.0017391727305948734,-6.354345798492432,0.0028815000005124602,0.0,0.0,0.00040292629273608327
77,-16.054314106119424,4.6885088013918965,-27.64272819362377,0.006,-0.0033390105215871306,6.635002591792727e-07,-14.225736618041992,0.0006082677864469588,-7.404895305633545,0.002761200001259567,0.0,0.0,0.00040292629273608327
78,-11.591192476287166,28.571834724027912,-8.529839628604048,-0.006,0.0005163042222388867,3.433671622588008e-07,-14.884465217590332,0.0005713484133593738,-7.467511177062988,0.0027604999995674007,0.0,0.0,0.00040292629273608327
79,-12.4884137754723,-22.407283290306722,11.355221281037005,0.006,-0.006,2.035942998190876e-05,-10.801966667175293,0.003478878177702427,-5.661045551300049,0.002830000001267763,0.0,0.0,0.00040292629273608327
80,-11.963108554550399,-16.379701328013773,-19.86952775330886,0.006,-0.006,3.2424882192572113e-06,-12.639169692993164,0.0017896404024213552,-6.325740814208984,0.002737100003287196,0.0,0.0,0.00040292629273608327
81,18.371192566358346,-30.0,-0.5073897944808899,-0.006,-0.006,4.1313622205052525e-05,-10.094318389892578,0.004803643096238375,-5.338380813598633,0.002760300001682481,0.0,0.0,0.00040292629273608327
82,-12.270788213915658,-29.591067430670503,10.109016524452848,0.006,0.0028779276787729456,2.2566568077309057e-05,-10.699041366577148,0.003748382441699505,-5.58643102645874,0.002206000001024222,0.0,0.0,0.00040292629273608327
83,-6.35653168768221,9.693896756196345,-5.356140894956472,-0.006,-0.006,1.6456914408990997e-07,-15.619935035705566,0.00036030434421263635,-7.928561687469482,0.002888099999836413,0.0,0.0,0.00036030434421263635
84,-11.068990819845922,-30.0,30.0,0.006,0.006,5.460224565467797e-05,-9.815435409545898,0.005397122353315353,-5.221889495849609,0.0028805000001739245,0.0,0.0,0.00036030434421263635
85,-6.131239943771661,30.0,-22.0212693489072,-0.006,0.006,1.6184614537451125e-07,-15.636619567871094,0.000334793992806226,-8.001995086669922,0.002725799997278955,0.0,0.0,0.000334793992806226
86,2.143060525363552,1.279782741499134,-17.50481051798572,-0.006,-0.006,2.770840410448727e-07,-15.098944664001465,0.0005127154290676117,-7.575789451599121,0.0027114000004075933,0.0,0.0,0.000334793992806226
87,-4.21884185255221,14.122878217612584,-15.674485338621924,-0.006,0.006,9.412581647438856e-08,-16.178632736206055,0.00027743272949010134,-8.189931869506836,0.002745000001596054,0.0,0.0,0.00027743272949010134
88,-12.60540644177426,9.054406251028038,-30.0,0.006,-0.006,3.3743521044016234e-07,-14.90189266204834,0.0005449156160466373,-7.5148797035217285,0.002878300001611933,0.0,0.0,0.00027743272949010134
89,13.592299496891355,3.54730186542927,-19.55549123385361,0.006,-0.006,2.052182566103511e-07,-15.399191856384277,0.00045155774569138885,-7.702807426452637,0.0027229999977862462,0.0,0.0,0.00027743272949010134
90,13.138437364423392,2.543135081418154,-25.349161888736454,-0.006,-0.006,6.282529284362681e-06,-11.977737426757812,0.001992514356970787,-6.218358039855957,0.002779700000246521,0.0,0.0,0.00027743272949010134
91,20.901329837289556,-2.4733973160697516,-9.439806610686867,0.006,0.006,8.893224730854854e-06,-11.630220413208008,0.0023559564724564552,-6.050808429718018,0.0030116999987512827,0.0,0.0,0.00027743272949010134
92,9.325919326024023,3.087464527088353,-15.900146404438335,0.006,0.006,3.934206347366853e-07,-14.74838638305664,0.0005688517703674734,-7.471890449523926,0.005783300002804026,0.0,0.0,0.00027743272949010134
93,-30.0,22.31367967135537,-30.0,-0.006,-0.006,5.349887942429632e-06,-12.138435363769531,0.001685494091361761,-6.3856964111328125,0.005753800000093179,0.0,0.0,0.00027743272949010134
94,-11.885827853773412,4.354330833803066,19.677336176936283,-0.006,0.006,1.0208956155111082e-05,-11.492244720458984,0.0023083307314664125,-6.071230888366699,0.0026151999991270714,0.0,0.0,0.00027743272949010134
95,-3.0107083120244096,10.580688890259319,-16.959206155416965,0.006,0.006,2.8117829842244646e-08,-17.38686180114746,0.000146187114296481,-8.830623626708984,0.003617599999415688,0.0,0.0,0.000146187114296481
96,-2.500173869217667,12.617381045842187,-18.24029551164657,-0.006,0.006,1.8590181838362696e-08,-17.80063247680664,0.00012055823026457801,-9.023377418518066,0.0032707999998820014,0.0,0.0,0.00012055823026457801
97,-3.2802051112162545,12.445587326780284,-17.580754482076383,-0.006,0.006,2.0279308898807358e-08,-17.713665008544922,0.00012991990661248565,-8.948592185974121,0.003247599997848738,0.0,0.0,0.00012055823026457801
98,-7.776564330654269,23.55970291266653,29.711318497969177,0.006,-0.006,2.344461427128408e-05,-10.660869598388672,0.003536074887961149,-5.64473819732666,0.0033068000011553522,0.0,0.0,0.00012055823026457801
99,15.255119746222444,2.496861529860642,-14.777935870264177,0.006,0.006,2.1073894913570257e-06,-13.070060729980469,0.0012112860567867756,-6.7160725593566895,0.003390199999557808,0.0,0.0,0.00012055823026457801
100,-3.837977900839732,8.078996182834471,-13.508344886688057,-0.006,-0.006,5.691111226724388e-08,-16.68177604675293,0.00023448796127922833,-8.35810661315918,0.0035325999997439794,0.0,0.0,0.00012055823026457801
101,-2.30514808907869,9.010679134535195,-16.1887530372851,-0.006,0.006,4.0319395822052684e-08,-17.02643394470215,0.00019008995150215924,-8.568013191223145,0.0032820000014908146,0.0,0.0,0.00012055823026457801
102,-2.5464228162863014,9.932409295450345,-16.54544420522271,0.006,0.006,3.505957124616543e-08,-17.166217803955078,0.00017794902669265866,-8.634013175964355,0.003375899999809917,0.0,0.0,0.00012055823026457801
103,-2.6432731822642657,10.712873782362019,-16.959662903412994,-0.006,0.006,2.989089509242149e-08,-17.325712203979492,0.00016319053247570992,-8.720592498779297,0.0022331000000122003,0.0,0.0,0.00012055823026457801
104,-3.8812188185659116,14.221177677408436,-18.133745797994703,-0.006,0.006,1.431038221255676e-08,-18.062280654907227,0.00010866348748095334,-9.127254486083984,0.0027899000015167985,0.0,0.0,0.00010866348748095334
0,-10.0,10.0,10.0,0.0,0.0,9.720764637677348e-07,-13.843831062316895,0.0007189196767285466,-7.2377610206604,0.0068941999998060055,0.0,1.0,0.0007189196767285466
1,-18.019573070498417,0.8540663048166977,5.544874131722551,-0.005442595047360027,0.0012905382228172602,2.4152748665073887e-05,-10.631112098693848,0.0036606290377676487,-5.6101202964782715,0.002981900001032045,0.0,1.0,0.0007189196767285466
2,-19.76855257876251,-26.096904420883227,26.93313223519999,0.005587584396894713,0.0037007681773975343,4.708275446319021e-05,-9.963603973388672,0.004971207119524479,-5.3040924072265625,0.002749999999650754,0.0,1.0,0.0007189196767285466
3,-11.72317384959776,-24.13967315961697,11.053981590729414,-0.0007181700751247846,-0.004535541181862654,2.0711147953988984e-05,-10.784838676452637,0.003521505743265152,-5.648866653442383,0.002739200001087738,0.0,1.0,0.0007189196767285466
4,-0.28938539332379065,-27.936688733086896,24.559224124726924,-0.0028946402207997973,0.001950267412247783,4.386077489471063e-05,-10.034490585327148,0.004706043284386396,-5.358907699584961,0.0034496999978728127,0.0,1.0,0.0007189196767285466
5,-11.849764453844541,30.0,-30.0,0.006,-0.006,3.846815275210247e-07,-14.77085018157959,0.000619684811681509,-7.3862996101379395,0.0027895999992324505,0.0,1.0,0.000619684811681509
6,-11.866676543873817,30.0,30.0,0.006,0.006,1.1769724324039998e-06,-13.652565002441406,0.000884288630913943,-7.030726909637451,0.002767699999822071,0.0,1.0,0.000619684811681509
7,-11.80051241535301,30.0,30.0,-0.006,-0.006,1.0162578973904601e-06,-13.799383163452148,0.0008289137040264904,-7.095394611358643,0.0025509000006422866,0.0,1.0,0.000619684811681509
8,-11.80598265526635,30.0,-30.0,-0.006,0.006,3.904561651779659e-07,-14.755949974060059,0.000624515232630074,-7.37853479385376,0.003059999999095453,0.0,1.0,0.000619684811681509
9,-11.782199743371038,30.0,-30.0,0.006,-0.006,3.9363510495604714e-07,-14.747841835021973,0.0006271402817219496,-7.374340057373047,0.002578799998445902,0.0,1.0,0.000619684811681509
10,-11.85492464968058,18.835739437361525,-30.0,-0.006,-0.006,1.566667293673163e-07,-15.669144630432129,0.0003443614114075899,-7.973818778991699,0.002561600002081832,0.0,1.0,0.0003443614114075899
11,-11.80508347947298,-12.865299725133484,-30.0,0.006,-0.006,2.6148341021325905e-06,-12.854310035705566,0.0013275827514007688,-6.624395370483398,0.00315509999927599,0.0,1.0,0.0003443614114075899
12,-1.6939836780250286,20.132731545458242,-30.0,-0.006,-0.006,3.962553364544874e-06,-12.438621520996094,0.0015296379569917917,-6.482724189758301,0.0030637000018032268,0.0,1.0,0.0003443614114075899
13,-11.803135175479062,30.0,-30.0,0.006,0.006,3.9083528236005805e-07,-14.754980087280273,0.0006248295539990067,-7.3780317306518555,0.0034192000020993873,0.0,1.0,0.0003443614114075899
14,-11.962912301245783,14.975271665999193,27.903667870087073,-0.006,0.006,7.2487550824007485e-06,-11.834680557250977,0.002031095325946808,-6.1991801261901855,0.006074799999623792,0.0,1.0,0.0003443614114075899
15,-11.83087468805059,30.0,0.9925667871235242,0.006,-0.006,5.047414788350579e-07,-14.49921989440918,0.0006691708695143461,-7.309471130371094,0.0033933000013348646,0.0,1.0,0.0003443614114075899
16,-11.839977871037544,30.0,-30.0,0.006,-0.006,3.8596340345975477e-07,-14.767522811889648,0.0006207640981301665,-7.384559631347656,0.003104900002654176,0.0,1.0,0.0003443614114075899
17,-11.880409917914657,-6.905915809189541,25.154222693395187,0.006,0.006,2.155467518605292e-05,-10.744917869567871,0.003365729469805956,-5.69411039352417,0.002612699998280732,0.0,1.0,0.0003443614114075899
18,-11.81143152529656,18.426119979942545,-30.0,0.006,-0.006,1.6260617030638969e-07,-15.631935119628906,0.00035434169694781303,-7.945248603820801,0.002409199998510303,0.0,1.0,0.0003443614114075899
19,-11.823845985880233,15.754678760555171,-30.0,0.006,-0.006,1.8460119122210017e-07,-15.505067825317383,0.00041294959373772144,-7.792184829711914,0.003183499997248873,0.0,1.0,0.0003443614114075899
20,-11.80901519348955,14.96901321412352,-30.0,0.006,-0.006,1.9882415358551953e-07,-15.430845260620117,0.0004355682758614421,-7.738859176635742,0.002874600002542138,0.0,1.0,0.0003443614114075899
21,-11.777471331403975,14.885996920177165,-30.0,0.006,-0.006,2.0358407937237644e-07,-15.407186508178711,0.0004407866799738258,-7.726949691772461,0.0028394000000844244,0.0,1.0,0.0003443614114075899
22,-11.79704972562028,21.559150941885125,30.0,0.006,-0.006,3.3597200399526628e-06,-12.603652954101562,0.0014236319111660123,-6.554543972015381,0.002883799999835901,0.0,1.0,0.0003443614114075899
23,-11.830626894466919,17.758385330289215,-30.0,0.006,-0.006,1.6344874609330873e-07,-15.626766204833984,0.0003643186646513641,-7.917481422424316,0.0027952000018558465,0.0,1.0,0.0003443614114075899
24,-11.832341506392158,16.730124117339255,-30.0,0.006,-0.006,1.71615141653092e-07,-15.578011512756348,0.00038725725607946515,-7.85642147064209,0.0027876999993168283,0.0,1.0,0.0003443614114075899
25,-11.790385640536893,17.066591921561574,-30.0,0.006,0.006,1.7303480603914068e-07,-15.569772720336914,0.00038335955468937755,-7.866537094116211,0.002711299999646144,0.0,1.0,0.0003443614114075899
26,-11.808369832647216,16.452389050045657,-30.0,0.006,0.006,1.7723669998304104e-07,-15.545780181884766,0.0003964368370361626,-7.832993984222412,0.0027645000009215437,0.0,1.0,0.0003443614114075899
27,-1.4912636621939115,24.450445829900964,14.163798390203405,0.006,-0.006,0.00010556261986494064,-9.156206130981445,0.007372667081654072,-4.909975528717041,0.0027875000014319085,0.0,1.0,0.0003443614114075899
28,-5.930732760699777,-30.0,-30.0,-0.006,-0.006,4.73544287160621e-06,-12.260435104370117,0.0020475578494369984,-6.191107273101807,0.0027697000004991423,0.0,1.0,0.0003443614114075899
29,-18.93182074990251,30.0,-30.0,0.006,-0.006,7.380536999335163e-07,-14.11924934387207,0.000843026558868587,-7.078512191772461,0.005742099998315098,0.0,1.0,0.0003443614114075899
30,-8.469928023580644,30.0,30.0,-0.006,0.006,2.8724454750772566e-05,-10.457761764526367,0.0039006604347378016,-5.546609401702881,0.002870299998903647,0.0,1.0,0.0003443614114075899
31,-9.742746491823175,8.371256321574238,-7.438399251960837,-0.006,-0.006,7.305932285817107e-07,-14.129408836364746,0.0007330404478125274,-7.2183098793029785,0.003071999999519903,0.0,1.0,0.0003443614114075899
32,-17.58827167104849,30.0,30.0,0.006,-0.006,0.00011526537127792835,-9.068273544311523,0.0077446140348911285,-4.860757827758789,0.0027539000002434477,0.0,1.0,0.0003443614114075899
33,-11.901148985463921,30.0,-30.0,-0.006,0.006,3.7803329178132117e-07,-14.788283348083496,0.0006140199257060885,-7.395483016967773,0.0027430000009189826,0.0,1.0,0.0003443614114075899
34,-11.900455375752081,30.0,-30.0,-0.006,0.006,3.7812208120158175e-07,-14.78804874420166,0.0006140963523648679,-7.395358562469482,0.0059245999982522335,0.0,1.0,0.0003443614114075899
35,-11.880899331193897,30.0,-30.0,-0.006,-0.006,3.8063677720856504e-07,-14.781420707702637,0.0006162519566714764,-7.391854763031006,0.0032624000014038756,0.0,1.0,0.0003443614114075899
36,-11.896557075776236,30.0,-13.53776153558721,0.006,0.006,4.143469709561032e-07,-14.696561813354492,0.000634819152764976,-7.362170219421387,0.002629700000397861,0.0,1.0,0.0003443614114075899
37,-11.902859525508767,25.65388815170437,-15.095317904172848,0.006,0.006,4.4394295173333376e-07,-14.627570152282715,0.000613140407949686,-7.396916389465332,0.0027862000024470035,0.0,1.0,0.0003443614114075899
38,-11.913697163998458,28.336110843554042,-15.285895837719309,-0.006,0.006,4.1526294580762624e-07,-14.694354057312012,0.0006251242011785507,-7.377560138702393,0.0029872999984945636,0.0,1.0,0.0003443614114075899
39,-11.904211039639337,-23.377236406233315,-18.29064622676495,0.006,0.006,4.561579771689139e-06,-12.297842025756836,0.0021271309815347195,-6.152981281280518,0.0026509999988775235,0.0,1.0,0.0003443614114075899
40,-11.894956227060854,30.0,-30.0,-0.006,0.006,3.788271669691312e-07,-14.786186218261719,0.0006147024687379599,-7.39437198638916,0.004539699999440927,0.0,1.0,0.0003443614114075899
41,-11.891484575953534,30.0,-30.0,-0.006,-0.006,3.792730751683848e-07,-14.785009384155273,0.0006150850094854832,-7.393750190734863,0.0026734999992186204,0.0,1.0,0.0003443614114075899
42,-11.895072543225691,30.0,-30.0,-0.006,0.006,3.7881216030655196e-07,-14.786225318908691,0.0006146895466372371,-7.394393444061279,0.0027603999988059513,0.0,1.0,0.0003443614114075899
43,-11.890239676559604,30.0,-30.0,-0.006,-0.006,3.794331178141874e-07,-14.784587860107422,0.0006152222631499171,-7.393527030944824,0.00279450000016368,0.0,1.0,0.0003443614114075899
44,-11.895074226742928,30.0,-30.0,0.006,0.006,3.788121034631331e-07,-14.786225318908691,0.0006146894884295762,-7.394393444061279,0.0025922000022546854,0.0,1.0,0.0003443614114075899
45,-11.891640589160309,30.0,-30.0,0.006,0.006,3.792530378632364e-07,-14.785061836242676,0.0006150678382255137,-7.393777847290039,0.0029171000023779925,0.0,1.0,0.0003443614114075899
46,-11.8860891813436,30.0,-30.0,-0.006,-0.006,3.7996738910806016e-07,-14.783180236816406,0.000615679775364697,-7.3927836418151855,0.002696700001251884,0.0,1.0,0.0003443614114075899
47,-11.910361798381292,30.0,-30.0,0.006,0.006,3.7685606457671383e-07,-14.791402816772461,0.0006130047840997577,-7.397137641906738,0.0028300999983912334,0.0,1.0,0.0003443614114075899
48,-11.877326400308636,30.0,-30.0,-0.006,-0.006,3.810984310348431e-07,-14.780208587646484,0.0006166458479128778,-7.391215801239014,0.0028043999991496094,0.0,1.0,0.0003443614114075899
49,-11.891123970989947,30.0,-19.77303294110853,-0.006,-0.006,3.846931235784723e-07,-14.770819664001465,0.0006184812518768013,-7.388243675231934,0.0028004999985569157,0.0,1.0,0.0003443614114075899
50,-11.893876450527769,30.0,-30.0,0.006,0.006,3.789658649111516e-07,-14.785820007324219,0.0006148215034045279,-7.39417839050293,0.0027357999970263336,0.0,1.0,0.0003443614114075899
51,-11.874127457463857,30.0,-18.620602408136378,-0.006,0.006,3.8570249216718366e-07,-14.768199920654297,0.0006186098325997591,-7.388035774230957,0.00224539999908302,0.0,1.0,0.0003443614114075899
52,-11.884317577313801,30.0,-27.900839938868355,0.006,-0.006,3.770863656882284e-07,-14.790791511535645,0.0006138520548120141,-7.395756721496582,0.0030693999979121145,0.0,1.0,0.0003443614114075899
53,-11.929057540550483,30.0,-19.23770667946445,-0.006,-0.006,3.91687791534423e-07,-14.752800941467285,0.0006234158645384014,-7.38029670715332,0.0027437999997346196,0.0,1.0,0.0003443614114075899
54,-11.8846304495345,30.0,-30.0,0.006,-0.006,3.8015551240278e-07,-14.782685279846191,0.0006158406613394618,-7.39252233505249,0.002780399998300709,0.0,1.0,0.0003443614114075899
55,-11.880800044235057,30.0,-30.0,0.006,0.006,3.806496238212276e-07,-14.781386375427246,0.0006162628997117281,-7.391837120056152,0.0026702000031946227,0.0,1.0,0.0003443614114075899
56,-11.862752476717242,30.0,-19.609616308246824,-0.006,-0.006,3.8151569015099085e-07,-14.77911376953125,0.0006159949116408825,-7.392271995544434,0.0027810999999928754,0.0,1.0,0.0003443614114075899
57,-11.815274200947743,30.0,-22.107362733331183,0.006,-0.006,3.7466199387381494e-07,-14.7972412109375,0.000611642375588417,-7.399362564086914,0.0026426000003993977,0.0,1.0,0.0003443614114075899
58,-11.890129738925921,30.0,-19.067932038200478,-0.006,0.006,3.8673448443660163e-07,-14.765527725219727,0.000619636382907629,-7.386377811431885,0.002841899997292785,0.0,1.0,0.0003443614114075899
59,-11.880467969299005,30.0,-30.0,0.006,0.006,3.8069248375904863e-07,-14.78127384185791,0.0006162994541227818,-7.391777515411377,0.0028197999999974854,0.0,1.0,0.0003443614114075899
60,-11.88413302450597,30.0,-7.5095886401496434,-0.006,0.006,4.5488752675737487e-07,-14.603215217590332,0.0006535822758451104,-7.333042144775391,0.0028577000011864584,0.0,1.0,0.0003443614114075899
61,-11.863088098922987,30.0,-11.538843106531074,0.006,-0.006,4.1487624002911616e-07,-14.69528579711914,0.0006330686155706644,-7.364931583404541,0.0027229999977862462,0.0,1.0,0.0003443614114075899
62,-11.84696055025432,29.345843382078527,-10.303345721675377,-0.006,-0.006,4.2732122551569773e-07,-14.665729522705078,0.0006352579221129417,-7.36147928237915,0.0026580999983707443,0.0,1.0,0.0003443614114075899
63,-11.87136351083269,30.0,-9.557267406204813,-0.006,0.006,4.3174219399588765e-07,-14.655437469482422,0.000641781254671514,-7.351263046264648,0.0026252999996358994,0.0,1.0,0.0003443614114075899
64,-11.831427984065044,30.0,-12.696099148414929,0.006,-0.006,3.9737187762511894e-07,-14.73839282989502,0.0006223483360372484,-7.382010459899902,0.005723700000089593,0.0,1.0,0.0003443614114075899
65,-11.889712645429087,30.0,-12.886674809573755,0.006,-0.006,4.1616567614255473e-07,-14.692182540893555,0.0006353768985718489,-7.361292362213135,0.0027373999982955866,0.0,1.0,0.0003443614114075899
66,-11.886507949769817,30.0,-8.795618873081917,-0.006,0.006,4.449404400475032e-07,-14.625325202941895,0.0006491662352345884,-7.339821815490723,0.006075799999962328,0.0,1.0,0.0003443614114075899
67,-11.865184577625739,30.0,-11.239786091746394,-0.006,-0.006,4.17552229237117e-07,-14.68885612487793,0.0006345175206661224,-7.362645626068115,0.005695899999409448,0.0,1.0,0.0003443614114075899
68,-11.882333518367506,29.199546864500746,-9.106956513958705,-0.006,0.006,4.5815053795195126e-07,-14.596068382263184,0.0006516517023555934,-7.336000442504883,0.003030899999430403,0.0,1.0,0.0003443614114075899
69,-11.905102294187088,30.0,-11.989736765594701,0.006,-0.006,4.2786547282958054e-07,-14.664457321166992,0.0006421595462597907,-7.350673675537109,0.002781199997116346,0.0,1.0,0.0003443614114075899
70,-11.869223907432469,30.0,-11.621663892157978,-0.006,-0.006,4.1671404460430495e-07,-14.690865516662598,0.0006343849818222225,-7.362854480743408,0.0027769000007538125,0.0,1.0,0.0003443614114075899
71,-11.887859112418873,30.0,-8.303982827090417,-0.006,0.006,4.4981902647123206e-07,-14.614420890808105,0.0006515483255498111,-7.336158752441406,0.0026481000022613443,0.0,1.0,0.0003443614114075899
72,-11.872319400391826,30.0,-15.434788028192845,0.006,-0.006,3.9720953282085247e-07,-14.738801956176758,0.0006247006822377443,-7.378237724304199,0.0027883000002475455,0.0,1.0,0.0003443614114075899
73,-11.879078273862811,30.0,-11.124007316191056,-0.006,-0.006,4.2385639176245604e-07,-14.673871040344238,0.0006385435117408633,-7.356320858001709,0.005693700000847457,0.0,1.0,0.0003443614114075899
74,-11.850820304132974,30.0,-9.483529440980627,-0.006,0.006,4.229252681398066e-07,-14.676070213317871,0.0006359968101605773,-7.360317230224609,0.0026114999964192975,0.0,1.0,0.0003443614114075899
75,-11.882457505049908,30.0,-11.279115319913826,0.006,0.006,4.241393298798357e-07,-14.673203468322754,0.0006389073096215725,-7.355751037597656,0.0026098999987880234,0.0,1.0,0.0003443614114075899
76,-11.869229054554276,30.0,-25.17831963292885,0.0008987983200072693,-0.006,3.7626003290824883e-07,-14.792984962463379,0.000613393378444016,-7.396503925323486,0.002871400000003632,0.0,1.0,0.0003443614114075899
77,-11.817038755428678,-27.385382035792457,-9.843673230525722,-0.006,-0.006,7.46070281820721e-06,-11.80586051940918,0.0026521491818130016,-5.932384967803955,0.0027559000009205192,0.0,1.0,0.0003443614114075899
78,-11.855207234744876,30.0,-24.555852421696656,0.006,-0.006,3.762968390219612e-07,-14.792887687683105,0.0006133845308795571,-7.396518707275391,0.0027590999998210464,0.0,1.0,0.0003443614114075899
79,-11.891923918910162,30.0,-20.629556982186788,0.006,0.006,3.8244263578235405e-07,-14.776687622070312,0.0006171735003590584,-7.390360355377197,0.0027251999999862164,0.0,1.0,0.0003443614114075899
80,-11.884894060898723,30.0,-30.0,0.006,-0.006,3.8012132108633523e-07,-14.782774925231934,0.0006158114410936832,-7.392569541931152,0.002840299999661511,0.0,1.0,0.0003443614114075899
81,-11.906695815964257,30.0,-25.924573964122352,-0.00010716161113908363,0.006,3.751077599645214e-07,-14.796052932739258,0.0006124498322606087,-7.398043632507324,0.0021371999973780476,0.0,1.0,0.0003443614114075899
82,-11.883489859600846,30.0,-12.157127353615994,0.006,0.006,4.1864041122607887e-07,-14.686253547668457,0.000636253971606493,-7.359912872314453,0.0027960000006714836,0.0,1.0,0.0003443614114075899
83,-11.861038773842216,30.0,-30.0,0.006,-0.006,3.83211016696805e-07,-14.774680137634277,0.0006184414960443974,-7.388308048248291,0.0022576000010303687,0.0,1.0,0.0003443614114075899
84,-12.013768612035138,30.0,-14.206034507820236,0.006,0.006,4.465949245968659e-07,-14.621613502502441,0.0006568188546225429,-7.328102111816406,0.0027873999970324803,0.0,1.0,0.0003443614114075899
85,-11.887399176298745,30.0,-22.270500449984024,0.006,-0.006,3.7867584978812374e-07,-14.786584854125977,0.0006148489192128181,-7.394134044647217,0.002194299999246141,0.0,1.0,0.0003443614114075899
86,-11.891228643906718,-30.0,-30.0,-0.006,0.006,6.4547889451205265e-06,-11.950688362121582,0.0019474277505651116,-6.241245746612549,0.0027589000019361265,0.0,1.0,0.0003443614114075899
87,-11.868147201498301,30.0,-30.0,0.006,-0.006,3.822872258751886e-07,-14.777093887329102,0.0006176577298901975,-7.389575958251953,0.002701499997783685,0.0,1.0,0.0003443614114075899
88,-11.795726867184817,30.0,-17.104701068311403,-0.006,-0.006,3.7510315564759367e-07,-14.796064376831055,0.000609773735050112,-7.4024224281311035,0.002800900001602713,0.0,1.0,0.0003443614114075899
89,-11.79781892700562,30.0,-20.248002809589916,0.006,0.006,3.730926891876152e-07,-14.80143928527832,0.0006098045269027352,-7.402371883392334,0.002842699999746401,0.0,1.0,0.0003443614114075899
90,-11.855554467496594,29.680971642344566,-12.120384185595844,0.0006218044028547763,0.006,4.122620111957076e-07,-14.701606750488281,0.0006299269734881818,-7.369906425476074,0.002820000001520384,0.0,1.0,0.0003443614114075899
91,-11.806124178500177,30.0,-22.565748878081273,0.006,-0.006,3.743749061868584e-07,-14.79800796508789,0.0006115275900810957,-7.399550437927246,0.0027991999995720107,0.0,1.0,0.0003443614114075899
92,-11.857864937859011,30.0,-30.0,0.006,-0.006,3.8362423993021366e-07,-14.773602485656738,0.0006187914405018091,-7.387742042541504,0.0027475000024423935,0.0,1.0,0.0003443614114075899
93,-11.71819268410184,30.0,-6.828732776504967,0.006,0.006,3.744121670479217e-07,-14.797908782958984,0.0006002443842589855,-7.418173789978027,0.002783100000669947,0.0,1.0,0.0003443614114075899
94,-11.791287866512986,30.0,-17.901451558412468,0.006,-0.00012409660545666356,3.7336394598241895e-07,-14.800712585449219,0.0006089170346967876,-7.4038286209106445,0.0028292999995755963,0.0,1.0,0.0003443614114075899
95,-11.919878405883534,30.0,-21.357513411773294,0.006,-0.006,3.8297034166134836e-07,-14.775308609008789,0.0006178774056024849,-7.389220714569092,0.0028774999991583172,0.0,1.0,0.0003443614114075899
96,-11.104262479757455,30.0,-28.42172252296508,-0.0002880265032535333,0.006,4.602731280556327e-07,-14.591445922851562,0.0006768523016944528,-7.298057556152344,0.0057190000006812625,0.0,1.0,0.0003443614114075899
97,-11.768617898169298,30.0,-4.206740716988585,0.006,0.006,4.14392786751705e-07,-14.696451187133789,0.0006236747140064836,-7.379881858825684,0.002748099999735132,0.0,1.0,0.0003443614114075899
98,-12.036378503122164,30.0,-9.19730148308964,0.0005045290102716829,0.006,5.17480089001765e-07,-14.474294662475586,0.0006928753573447466,-7.274660587310791,0.002965500003483612,0.0,1.0,0.0003443614114075899
99,-11.830895452536138,30.0,-4.529593767474138,-0.006,-0.006,4.498724592849612e-07,-14.614301681518555,0.0006462690653279424,-7.344294548034668,0.0026959000024362467,0.0,1.0,0.0003443614114075899
100,-11.906025497011141,30.0,-22.391584877841524,0.006,-0.006,3.7945304143249814e-07,-14.78453540802002,0.0006154935690574348,-7.393085956573486,0.005861000001459615,0.0,1.0,0.0003443614114075899
101,-11.832223630428656,30.0,-2.4754217565156584,0.006,0.006,4.693495156971039e-07,-14.571918487548828,0.0006547700613737106,-7.331226348876953,0.005729000000428641,0.0,1.0,0.0003443614114075899
102,-11.840920726484883,30.0,-30.0,-0.006,0.006,3.858398258671514e-07,-14.767843246459961,0.0006206602556630969,-7.384726524353027,0.0028393999964464456,0.0,1.0,0.0003443614114075899
103,-11.706604031352045,30.0,-4.679681681062375,0.0015768607423765246,0.006,3.7702969279962417e-07,-14.790942192077637,0.00059954181779176,-7.419344902038574,0.002795000000332948,0.0,1.0,0.0003443614114075899
104,-11.859870531091659,30.0,-0.7709272510922253,0.006,0.006,5.082859502181236e-07,-14.49222183227539,0.0006741586257703602,-7.302044868469238,0.002843300000677118,0.0,1.0,0.0003443614114075899
0,-10.0,10.0,10.0,0.0,0.0,9.720764637677348e-07,-13.843831062316895,0.0007189196767285466,-7.2377610206604,0.002630200000567129,0.0,2.0,0.0007189196767285466
1,-11.297335434635343,1.2040812706686488,2.802616760596777,-0.0037817465336936755,0.0056350155331747025,4.501383955357596e-06,-12.311125755310059,0.0016592794563621283,-6.401371955871582,0.005907599999773083,0.0,2.0,0.0007189196767285466
2,16.50796940166687,26.36993649385135,23.68964102565893,0.001174799745733022,0.005062490820277403,0.0017892110627144575,-6.3259806632995605,0.029947850853204727,-3.5082976818084717,0.003055299999687122,0.0,2.0,0.0007189196767285466
3,-24.69044987688483,-18.241028254851287,-27.286362665367715,-0.002096036030840828,-0.0013358725237262161,8.17739146441454e-06,-11.714137077331543,0.0025462808553129435,-5.973121643066406,0.0027431999988039024,0.0,2.0,0.0007189196767285466
4,-13.719058093566247,19.72425054911576,-8.594800398384642,-0.0026287858837514308,0.000512352997898982,2.5282840852014488e-06,-12.887969970703125,0.0011824627872556448,-6.7401556968688965,0.0030559000006178394,0.0,2.0,0.0007189196767285466
5,-25.22605934267631,30.0,30.0,0.006,0.006,0.0005561015568673611,-7.4945597648620605,0.016865411773324013,-4.08249044418335,0.0027473000009194948,0.0,2.0,0.0007189196767285466
6,-11.765029236100103,22.58189084859611,-6.656739860178154,-0.004540985311789652,-0.006,7.149598104660981e-07,-14.151039123535156,0.000701259181369096,-7.262632846832275,0.0058499000006122515,0.0,2.0,0.000701259181369096
7,-11.932344554792707,7.936471161122702,-29.998893542974354,0.006,-0.006,4.274870093468053e-07,-14.665342330932617,0.000633831659797579,-7.36372709274292,0.002660099999047816,0.0,2.0,0.000633831659797579
8,-11.843649719768543,-30.0,30.0,0.006,-0.006,5.393752144300379e-05,-9.82768440246582,0.005369906313717365,-5.226944923400879,0.0026472999998077285,0.0,2.0,0.000633831659797579
9,-11.908062485221324,-2.4870580879360733,30.0,0.006,-0.006,2.1482583179022186e-05,-10.748268127441406,0.0034293048083782196,-5.675397872924805,0.002705499999137828,0.0,2.0,0.000633831659797579
10,-17.153728134618717,-21.86852931121304,4.518952902150328,0.006,-0.006,1.535342562419828e-05,-11.084172248840332,0.003282640827819705,-5.719107151031494,0.0025803000025916845,0.0,2.0,0.000633831659797579
11,-15.815172068284502,-30.0,3.5142675225307034,-0.006,0.006,1.4146005014481489e-05,-11.166078567504883,0.003279904369264841,-5.719941139221191,0.0027413999996497296,0.0,2.0,0.000633831659797579
12,-11.408503077889732,-30.0,-17.41162949213726,0.006,-0.006,6.000067514833063e-06,-12.0237398147583,0.002443648874759674,-6.014263153076172,0.002761899999313755,0.0,2.0,0.000633831659797579
13,-1.0674508842640231,30.0,30.0,-0.006,0.006,0.00035520660458132625,-7.942811012268066,0.013407465070486069,-4.311943531036377,0.0026883999998972286,0.0,2.0,0.000633831659797579
14,-0.7147986432611436,16.249891290739875,-29.82045428153981,-0.004718130124076349,0.006,4.250122401572298e-06,-12.368562698364258,0.0015594384167343378,-6.4634294509887695,0.0028013000010105316,0.0,2.0,0.000633831659797579
15,-26.08662152994384,13.640772054687151,-27.039281616333724,-0.006,0.004365808931350961,9.07675030248356e-07,-13.912379264831543,0.0009396045352332294,-6.970051288604736,0.003161300002830103,0.0,2.0,0.000633831659797579
16,-14.105803537604015,-27.10045503506768,2.71750519551731,0.006,0.001969292401229359,1.398108997818781e-05,-11.177804946899414,0.0032162100542336702,-5.739551544189453,0.0028810000003431924,0.0,2.0,0.000633831659797579
17,22.216502300992083,-30.0,-30.0,-0.006,0.006,2.186905112466775e-05,-10.730438232421875,0.003979765344411135,-5.5265326499938965,0.0027722999984689523,0.0,2.0,0.000633831659797579
18,-11.981931717917872,30.0,-18.6696025484316,-0.006,0.006,4.027133684303408e-07,-14.725040435791016,0.0006310991011559963,-7.368047714233398,0.0026596000025165267,0.0,2.0,0.0006310991011559963
19,-10.942017463974382,29.08647226645394,-24.064390648557243,0.006,0.006,3.50020854966715e-07,-14.865273475646973,0.0005903330165892839,-7.434823989868164,0.0027219999974477105,0.0,2.0,0.0005903330165892839
20,-11.266827962441814,22.349744704282763,11.008106283748996,-0.006,-0.006,6.775294991712144e-07,-14.204813003540039,0.0006892429664731026,-7.279916763305664,0.002836600000591716,0.0,2.0,0.0005903330165892839
21,-11.442782424197045,16.928705488536707,-4.65735650509655,-0.006,0.006,9.823510254136636e-07,-13.833316802978516,0.0007391453254967928,-7.210015773773193,0.00265890000082436,0.0,2.0,0.0005903330165892839
22,-11.792422661437774,-24.478054434391805,-11.965933589437514,-0.006,0.006,6.124195351731032e-06,-12.003263473510742,0.0024334783665835857,-6.018433570861816,0.002740399999311194,0.0,2.0,0.0005903330165892839
23,30.0,26.2436957335583,-30.0,-0.006,-0.006,5.9881105698877946e-05,-9.723149299621582,0.005741539876908064,-5.160027980804443,0.0028562999978021253,0.0,2.0,0.0005903330165892839
24,-11.853306980618127,24.381225155055446,8.263178932727497,0.006,0.006,1.2493287613324355e-06,-13.592904090881348,0.0009166739182546735,-6.994758605957031,0.005766999998741085,0.0,2.0,0.0005903330165892839
25,-11.87477766508388,30.0,9.307540558232352,0.006,-0.006,6.746337248841883e-07,-14.20909595489502,0.0007381625473499298,-7.211346626281738,0.0027134999982081354,0.0,2.0,0.0005903330165892839
26,-9.926208876334913,-12.145672968362154,-23.5999621538113,-0.006,0.006,2.3917086764413398e-06,-12.943502426147461,0.001531005254946649,-6.481830596923828,0.0022051000014471356,0.0,2.0,0.0005903330165892839
27,-12.08204849149346,-4.054552010644057,-30.0,0.006,0.006,1.4090454669712926e-06,-13.4725980758667,0.001012090826407075,-6.895737171173096,0.0027233000000705943,0.0,2.0,0.0005903330165892839
28,-11.248947471274692,25.101520633304183,-13.433030925456224,-0.006,-0.006,2.862883548004902e-07,-15.066266059875488,0.0005045855650678277,-7.59177303314209,0.0027269000020169187,0.0,2.0,0.0005045855650678277
29,-11.129481028566637,19.593626506578385,-10.337418637960388,0.006,-0.006,4.454749671367608e-07,-14.624124526977539,0.0005320045747794211,-7.538858413696289,0.0027628999996522907,0.0,2.0,0.0005045855650678277
30,-11.63549607859687,-30.0,9.648039378823528,-0.006,-0.006,2.2723183064954355e-05,-10.69212532043457,0.003767716698348522,-5.5812859535217285,0.0028592999988177326,0.0,2.0,0.0005045855650678277
31,-12.753737862802435,30.0,-2.7565957166227295,0.006,-0.006,1.4605435580961057e-06,-13.436701774597168,0.0010535611072555184,-6.855579376220703,0.0026504999987082556,0.0,2.0,0.0005045855650678277
32,-11.321487951548926,30.0,-22.47051867935102,-0.006,-0.006,3.5091579775325954e-07,-14.862719535827637,0.0005923660937696695,-7.431385517120361,0.002953999999590451,0.0,2.0,0.0005045855650678277
33,-11.700396283256065,-30.0,-6.6343064574880675,0.006,-0.006,9.563314051774796e-06,-11.557576179504395,0.0029201305005699396,-5.836126804351807,0.002773600001091836,0.0,2.0,0.0005045855650678277
34,-10.109843599719095,30.0,7.864709028810013,-0.006,-0.000658831041375906,1.5500158951908816e-06,-13.37724494934082,0.0010469823610037565,-6.861843109130859,0.0027650000010908116,0.0,2.0,0.0005045855650678277
35,-11.840248126720441,30.0,-5.35076928898616,0.006,0.006,4.4864685833090334e-07,-14.617030143737793,0.0006467138300649822,-7.343606472015381,0.002761200001259567,0.0,2.0,0.0005045855650678277
36,-12.018271457195253,30.0,-0.9618200702102483,0.006,0.006,6.442095354941557e-07,-14.255241394042969,0.0007444926886819303,-7.202807426452637,0.0020942999981343746,0.0,2.0,0.0005045855650678277
37,-11.939897380673765,30.0,-16.223085435762016,0.006,-0.006,4.0966341430248576e-07,-14.707929611206055,0.0006341165280900896,-7.363277912139893,0.002880399999412475,0.0,2.0,0.0005045855650678277
38,-13.251357010955585,20.280810739849592,6.929607068130958,0.006,0.006,5.770509233116172e-06,-12.062749862670898,0.001792882103472948,-6.323930740356445,0.0030382000004465226,0.0,2.0,0.0005045855650678277
39,-11.657324175690377,30.0,11.695489501693979,-0.006,0.006,4.641065629584773e-07,-14.583151817321777,0.0006272434839047492,-7.374175548553467,0.0027682999971148092,0.0,2.0,0.0005045855650678277
40,2.3614000331509515,-30.0,-30.0,-0.006,-0.006,5.38022004548111e-06,-12.132781028747559,0.0022688941098749638,-6.088462829589844,0.002878799998143222,0.0,2.0,0.0005045855650678277
41,-11.996829059663723,30.0,-25.789875201269012,-0.006,0.006,3.721117423083342e-07,-14.804071426391602,0.0006099846214056015,-7.402076721191406,0.0027566999997361563,0.0,2.0,0.0005045855650678277
42,-29.92670022734376,-10.686800323431129,-30.0,-0.006,-0.006,1.1022191756637767e-05,-11.415599822998047,0.0032847952097654343,-5.718451023101807,0.002776199999061646,0.0,2.0,0.0005045855650678277
43,-11.513307326335081,30.0,-11.73989041170646,-0.006,-0.006,2.985810851896531e-07,-15.024224281311035,0.0005454906495288014,-7.513824939727783,0.0028019999990647193,0.0,2.0,0.0005045855650678277
44,-3.455134570022099,-30.0,-30.0,0.006,-0.006,4.5549181777460035e-06,-12.29930305480957,0.002102307276800275,-6.164720058441162,0.002995899998495588,0.0,2.0,0.0005045855650678277
45,-18.60082289340606,30.0,-30.0,-0.006,0.006,6.66401660964766e-07,-14.221373558044434,0.0008059435058385134,-7.123497009277344,0.00218259999746806,0.0,2.0,0.0005045855650678277
46,30.0,-30.0,-30.0,-0.006,-0.006,3.439563442952931e-05,-10.277581214904785,0.005129746161401272,-5.272698879241943,0.002756599998974707,0.0,2.0,0.0005045855650678277
47,1.1246493541026177,-30.0,30.0,-0.006,-0.006,6.581292109331116e-05,-9.628694534301758,0.00583838252350688,-5.143301486968994,0.0028074000001652166,0.0,2.0,0.0005045855650678277
48,-2.3489574766003325,30.0,-27.146911275975885,0.006,-0.006,1.6546562164876377e-06,-13.311917304992676,0.001152115873992443,-6.766155242919922,0.002828199998475611,0.0,2.0,0.0005045855650678277
49,-30.0,-30.0,-23.17232576558684,-0.006,0.006,1.5291592717403546e-05,-11.088207244873047,0.003381266724318266,-5.689504623413086,0.0027794999987236224,0.0,2.0,0.0005045855650678277
50,-12.142027426287672,23.28851955867911,11.638423852611062,0.006,-0.0010001491057991625,2.3433426576957572e-06,-12.963932037353516,0.0012039700523018837,-6.72213077545166,0.0028009999987261835,0.0,2.0,0.0005045855650678277
51,-12.681560536939791,30.0,-26.03014211171939,-0.006,0.0007349694040196128,3.457888624325278e-07,-14.877437591552734,0.0005870825843885541,-7.440345287322998,0.0026267000030202325,0.0,2.0,0.0005045855650678277
52,-30.0,30.0,-30.0,-0.006,-0.006,5.974961823085323e-06,-12.027933120727539,0.0020539723336696625,-6.187979698181152,0.002760100000159582,0.0,2.0,0.0005045855650678277
53,7.180168839169981,-30.0,30.0,-0.006,-0.006,7.19221425242722e-05,-9.539926528930664,0.006068786606192589,-5.1045966148376465,0.002769300001091324,0.0,2.0,0.0005045855650678277
54,-6.785858373551172,-30.0,30.0,0.006,-0.006,5.837829303345643e-05,-9.748566627502441,0.005549261346459389,-5.194090366363525,0.0027361000029486604,0.0,2.0,0.0005045855650678277
55,25.822685954339573,22.745228804986017,9.248528228437873,-0.006,0.006,0.001256499788723886,-6.679425239562988,0.025130972266197205,-3.683654308319092,0.0028316999996604864,0.0,2.0,0.0005045855650678277
56,-30.0,-30.0,23.662183226402966,0.006,-0.006,2.8461625333875418e-05,-10.466954231262207,0.003788461210206151,-5.5757951736450195,0.0026523999986238778,0.0,2.0,0.0005045855650678277
57,-20.979330273247033,11.676552319846639,-30.0,-0.006,-0.006,1.300410531257512e-06,-13.552830696105957,0.0011120482813566923,-6.801551818847656,0.0028007000000798143,0.0,2.0,0.0005045855650678277
58,-29.22605516740358,-30.0,-1.1538135576627406,0.006,-0.006,7.022016689006705e-06,-11.866459846496582,0.002649905625730753,-5.933231353759766,0.0026741000001493376,0.0,2.0,0.0005045855650678277
59,-6.243238582727304,18.807584320131788,-30.0,0.006,-0.006,1.5675458371333661e-06,-13.365999221801758,0.0009657802293077111,-6.9425740242004395,0.002754000001004897,0.0,2.0,0.0005045855650678277
60,-11.27249734802707,30.0,30.0,-0.006,-0.006,7.12893040599738e-07,-14.153934478759766,0.0007089466089382768,-7.251730442047119,0.002763500000583008,0.0,2.0,0.0005045855650678277
61,7.457538673051359,30.0,-30.0,0.006,-0.006,1.3692049833480269e-05,-11.198695182800293,0.0028819984290748835,-5.849271297454834,0.00572929999907501,0.0,2.0,0.0005045855650678277
62,-6.584792460352994,6.656136730547746,-3.4651350764656583,-0.006,-0.006,5.0248750937953446e-08,-16.8062801361084,0.00022402760805562139,-8.403740882873535,0.0026172999969276134,0.0,2.0,0.00022402760805562139
63,-3.9973245269003597,-3.601303310987083,0.8530416480321413,0.006,-0.006,2.0642778508772608e-07,-15.393315315246582,0.0004458922194316983,-7.715433120727539,0.002796400000079302,0.0,2.0,0.00022402760805562139
64,-3.486812067311896,30.0,15.752994326543126,0.006,-0.006,0.00010266416938975453,-9.18404769897461,0.007298402488231659,-4.92009973526001,0.005793199998151977,0.0,2.0,0.00022402760805562139
65,-6.290754413769561,2.7713823953112073,8.027294165686808,-0.006,-0.006,6.391689311158189e-08,-16.56568145751953,0.00023112125927582383,-8.372568130493164,0.002771800001937663,0.0,2.0,0.00022402760805562139
66,-6.35842006598469,4.613105887726559,-0.04421337324943365,0.006,-0.006,5.2237894010431773e-08,-16.767457962036133,0.00022855022689327598,-8.38375473022461,0.0027272999977867585,0.0,2.0,0.00022402760805562139
67,-5.795028005404756,4.949593789642574,2.0543506055943475,-0.006,-0.006,2.193220893786929e-07,-15.332724571228027,0.0004082761297468096,-7.803566932678223,0.002831100002367748,0.0,2.0,0.00022402760805562139
68,-6.635467881700682,1.505857603609993,2.35537629178205,0.006,-0.006,2.060733379494195e-07,-15.395033836364746,0.00042382022365927696,-7.766201019287109,0.0027358000006643124,0.0,2.0,0.00022402760805562139
69,-5.8685175565076815,4.619677785906365,-5.626883260098378,0.006,0.006,6.336392033290394e-08,-16.574371337890625,0.00024261913495138288,-8.324017524719238,0.002780399998300709,0.0,2.0,0.00022402760805562139
70,-6.205735566975037,5.069417044397336,3.0017845625072845,0.006,0.006,1.424877638100952e-07,-15.764009475708008,0.000336886674631387,-7.995763778686523,0.0030633999995188788,0.0,2.0,0.00022402760805562139
71,-5.708546616363123,5.395516149774356,-9.566173309575921,0.006,-0.006,8.830757991518112e-08,-16.24243927001953,0.000292218173854053,-8.138010025024414,0.0021807000011904165,0.0,2.0,0.00022402760805562139
72,-5.879278206078611,4.413329758193014,-2.368597182910881,-0.006,0.006,5.975448402750771e-08,-16.63302230834961,0.00024374450731556863,-8.319390296936035,0.0027832999985548668,0.0,2.0,0.00022402760805562139
73,-6.511894129863461,6.823545646978144,-6.841390885117175,-0.006,-0.006,5.459859409029377e-08,-16.723257064819336,0.0002288490068167448,-8.382448196411133,0.0028306999993219506,0.0,2.0,0.00022402760805562139
74,-5.89094745391574,4.261908804910624,-4.452275601857043,-0.006,-0.006,6.12442647707212e-08,-16.608396530151367,0.00023983605206012726,-8.335555076599121,0.002834800001437543,0.0,2.0,0.00022402760805562139
75,-6.797416710577591,10.205105635498544,-11.776194297967015,-0.006,0.006,4.751863258434241e-08,-16.862144470214844,0.000216604646993801,-8.437437057495117,0.0027265999997325707,0.0,2.0,0.000216604646993801
76,-7.064755134547467,10.989978178802199,-11.9851155868885,-0.006,0.006,4.578188139703343e-08,-16.899377822875977,0.00021380596444942057,-8.450441360473633,0.0028544999986479525,0.0,2.0,0.00021380596444942057
77,-6.933299763456254,10.981506457284073,-12.333069047766337,-0.006,0.006,4.4303199331352516e-08,-16.932209014892578,0.00020998972468078136,-8.468451499938965,0.002253200000268407,0.0,2.0,0.00020998972468078136
78,7.8574861998360355,-30.0,-7.895833246591069,0.006,-0.006,2.182473508582916e-05,-10.732466697692871,0.003639131784439087,-5.6160101890563965,0.0027938999992329627,0.0,2.0,0.00020998972468078136
79,-7.344003279879776,10.272386130658347,-14.068855635680768,-0.006,0.006,1.4303226691936288e-07,-15.7601957321167,0.00036716071190312505,-7.909710884094238,0.002786799999739742,0.0,2.0,0.00020998972468078136
80,-5.79084305363953,5.883510130798611,-4.095344693274336,-0.006,0.006,8.617660540721772e-08,-16.26686668395996,0.0002906358567997813,-8.143439292907715,0.0026328000021749176,0.0,2.0,0.00020998972468078136
81,-6.230391337492949,10.282343570627717,-9.08337146070278,-0.006,-0.006,7.327722073569021e-08,-16.42901611328125,0.00026303541380912066,-8.2432222366333,0.002789000001939712,0.0,2.0,0.00020998972468078136
82,-6.088743680428916,7.739831714260568,-7.376943567891148,0.006,-0.006,5.6825495420298466e-08,-16.68328094482422,0.0002381164231337607,-8.342750549316406,0.0028143000017735176,0.0,2.0,0.00020998972468078136
83,-6.232169846106719,8.931075346777925,-9.365523974275087,0.006,-0.006,4.394803809759651e-08,-16.940258026123047,0.00020655113621614873,-8.484962463378906,0.0029511000029742718,0.0,2.0,0.00020655113621614873
84,-6.29572636497532,10.146216214462742,-11.021945682571742,0.006,-0.006,3.609200760479325e-08,-17.13719367980957,0.00018556870054453611,-8.592085838317871,0.0026804000008269213,0.0,2.0,0.00018556870054453611
85,-6.3017276651260214,11.371047191327348,-11.716538738177826,0.006,0.006,3.567951978311612e-08,-17.14868927001953,0.00018871485372073948,-8.575273513793945,0.0026379999981145374,0.0,2.0,0.00018556870054453611
86,-6.419377837019568,11.826457792044515,-12.108998871411586,0.006,0.006,3.073453314073049e-08,-17.29787826538086,0.00017474254127591848,-8.652196884155273,0.0029478000033122953,0.0,2.0,0.00017474254127591848
87,-5.717176164883974,11.120096577661773,-12.499312820279593,0.006,0.006,4.478997439605337e-08,-16.921281814575195,0.00021153056877665222,-8.461140632629395,0.002820500001689652,0.0,2.0,0.00017474254127591848
88,-6.453807886630235,12.816373758258077,-11.748118030388055,0.006,0.006,4.85169877606495e-08,-16.841352462768555,0.00021330712479539216,-8.452777862548828,0.002813600000081351,0.0,2.0,0.00017474254127591848
89,-5.528020582893391,9.219990008535744,-11.707066366987418,0.006,-0.006,4.47464465480607e-08,-16.92225456237793,0.00020687934011220932,-8.48337459564209,0.0022576999981538393,0.0,2.0,0.00017474254127591848
90,-4.969363679350423,8.768521206979006,-12.252333124527405,0.006,-0.006,5.112704926091283e-08,-16.788951873779297,0.000222632079385221,-8.409990310668945,0.002215500000602333,0.0,2.0,0.00017474254127591848
91,-5.778741076701143,10.913826896286327,-10.817372345848778,-0.006,0.006,8.520356686858577e-08,-16.278223037719727,0.00027923224843107164,-8.183466911315918,0.005758799998147879,0.0,2.0,0.00017474254127591848
92,-6.731669375901117,12.613790910177793,-11.053127277541874,0.006,0.006,4.1070574496870904e-08,-17.00797462463379,0.00019889659597538412,-8.522725105285645,0.002748399998381501,0.0,2.0,0.00017474254127591848
93,-6.617580711488647,10.881475526898889,-12.192317232913604,0.006,-0.006,3.377908441848376e-08,-17.20342445373535,0.0001787943037925288,-8.629274368286133,0.00563269999838667,0.0,2.0,0.00017474254127591848
94,-6.442403620358148,11.397792707290446,-11.417221140837727,0.006,-0.006,3.4502946277825686e-08,-17.182220458984375,0.00018552166875451803,-8.592338562011719,0.0029264999975566752,0.0,2.0,0.00017474254127591848
95,-6.538174235512725,11.36658149329343,-10.377696875483563,0.006,-0.006,4.454292223954326e-08,-16.92681312561035,0.00020971230696886778,-8.46977424621582,0.005695799998647999,0.0,2.0,0.00017474254127591848
96,-6.4929430091934535,11.736971849103893,-12.538718680538473,0.006,-0.006,2.6926191054599258e-08,-17.430166244506836,0.00015989388339221478,-8.741000175476074,0.00569329999780166,0.0,2.0,0.00015989388339221478
97,-6.043512041443335,10.417705588073048,-11.817450667955077,0.006,-0.006,3.6397867830828545e-08,-17.128755569458008,0.00018738101061899215,-8.582366943359375,0.0027836999979626853,0.0,2.0,0.00015989388339221478
98,-6.458280256337228,12.367744744869352,-13.595051534947808,0.006,-0.006,2.3733960574645607e-08,-17.556358337402344,0.00014911670587025583,-8.810781478881836,0.005694500003301073,0.0,2.0,0.00014911670587025583
99,-6.623749311631272,12.015839275101778,-12.808929416517781,0.006,-0.006,2.5608505538343707e-08,-17.4803409576416,0.00015568977687507868,-8.767644882202148,0.002290000000357395,0.0,2.0,0.00014911670587025583
100,-6.576447289054154,12.635310709182896,-13.33214305086054,0.006,-0.006,2.259664100279224e-08,-17.605464935302734,0.0001468938571633771,-8.825799942016602,0.0029279000009410083,0.0,2.0,0.0001468938571633771
101,-6.565218739594435,12.249830512926842,-13.680998728642619,0.006,-0.006,2.6253633933492893e-08,-17.455461502075195,0.0001581255637574941,-8.752120971679688,0.0027732000016840175,0.0,2.0,0.0001468938571633771
102,-6.172741572773245,11.969414529348493,-13.102528184086966,0.006,-0.006,2.799116671781121e-08,-17.391376495361328,0.0001652276114327833,-8.708186149597168,0.0056488000009267125,0.0,2.0,0.0001468938571633771
103,-6.1205095257992035,12.409726535133329,-14.47180791854549,0.006,-0.006,2.3291114814583125e-08,-17.575193405151367,0.00014578936679754406,-8.83334732055664,0.005631600000924664,0.0,2.0,0.00014578936679754406
104,-6.536899657895158,13.70011457113276,-13.789284427998687,0.006,-0.006,2.0849382664778204e-08,-17.685941696166992,0.00014409233699552715,-8.845056533813477,0.00460179999936372,0.0,2.0,0.00014409233699552715
